pipeline_id,project,selected_model_id,run_type,run_id,run_status,step,training_seconds,training_seconds_source,loss,loss_step,loss_source,psnr,ssim,lpips,gaussian_count,is_final,is_last_observed,psnr_vs_model,psnr_vs_baseline,meets_model_psnr,ssim_vs_model,ssim_vs_baseline,meets_model_ssim,lpips_vs_model,lpips_vs_baseline,meets_model_lpips,meets_model_all
pipeline_5df0ad97ef5a,12-Maisonneuve Market,model_compact-ridge_20260721_195042_ridge_without_intercept_regularization,baseline,12_maisonneuve_market_phase1_run1_20260710_183357,success,1000,60.828333377838135,train_stats_exact,0.10968947410583496,1000,eval_history_exact,16.01806640625,0.6095985174179077,0.6020911931991577,143365,False,False,-0.9572486877441406,-1.0801944732666016,,-0.04585748910903931,-0.04365527629852295,,-0.1346423327922821,-0.1281346082687378,,
pipeline_5df0ad97ef5a,12-Maisonneuve Market,model_compact-ridge_20260721_195042_ridge_without_intercept_regularization,baseline,12_maisonneuve_market_phase1_run1_20260710_183357,success,2000,139.30787754058838,train_stats_exact,0.15167802572250366,2000,eval_history_exact,16.304847717285156,0.6236532330513,0.5484933853149414,197751,False,False,-0.6704673767089844,-0.7934131622314453,,-0.03180277347564697,-0.029600560665130615,,-0.0810445249080658,-0.07453680038452148,,
pipeline_5df0ad97ef5a,12-Maisonneuve Market,model_compact-ridge_20260721_195042_ridge_without_intercept_regularization,baseline,12_maisonneuve_market_phase1_run1_20260710_183357,success,3000,220.34682822227478,train_stats_exact,0.07853235304355621,3000,eval_history_exact,16.544662475585938,0.6349982023239136,0.5117730498313904,259933,False,False,-0.4306526184082031,-0.5535984039306641,,-0.020457804203033447,-0.01825559139251709,,-0.04432418942451477,-0.03781646490097046,,
pipeline_5df0ad97ef5a,12-Maisonneuve Market,model_compact-ridge_20260721_195042_ridge_without_intercept_regularization,baseline,12_maisonneuve_market_phase1_run1_20260710_183357,success,4000,302.03039503097534,train_stats_exact,0.081468366086483,4000,eval_history_exact,16.719356536865234,0.644257128238678,0.49195510149002075,317276,False,False,-0.25595855712890625,-0.3789043426513672,,-0.011198878288269043,-0.008996665477752686,,-0.02450624108314514,-0.01799851655960083,,
pipeline_5df0ad97ef5a,12-Maisonneuve Market,model_compact-ridge_20260721_195042_ridge_without_intercept_regularization,baseline,12_maisonneuve_market_phase1_run1_20260710_183357,success,5000,385.3672184944153,train_stats_exact,0.12067047506570816,5000,eval_history_exact,17.0982608795166,0.6532537937164307,0.4739565849304199,317276,True,True,0.12294578552246094,0.0,,-0.0022022128105163574,0.0,,-0.0065077245235443115,0.0,,
pipeline_5df0ad97ef5a,12-Maisonneuve Market,model_compact-ridge_20260721_195042_ridge_without_intercept_regularization,model_selected,12_maisonneuve_market_phase2_run1_regularizati_20260721_200725,success,1000,63.274972915649414,train_stats_exact,0.11517778038978577,1000,eval_history_exact,16.111862182617188,0.6057237982749939,0.6118694543838501,133446,False,False,-0.8634529113769531,-0.9863986968994141,,-0.049732208251953125,-0.04752999544143677,,-0.1444205939769745,-0.13791286945343018,,
pipeline_5df0ad97ef5a,12-Maisonneuve Market,model_compact-ridge_20260721_195042_ridge_without_intercept_regularization,model_selected,12_maisonneuve_market_phase2_run1_regularizati_20260721_200725,success,2000,144.58416175842285,train_stats_exact,0.15574538707733154,2000,eval_history_exact,16.2818546295166,0.6218647360801697,0.548879086971283,162715,False,False,-0.6934604644775391,-0.81640625,,-0.033591270446777344,-0.031389057636260986,,-0.08143022656440735,-0.07492250204086304,,
pipeline_5df0ad97ef5a,12-Maisonneuve Market,model_compact-ridge_20260721_195042_ridge_without_intercept_regularization,model_selected,12_maisonneuve_market_phase2_run1_regularizati_20260721_200725,success,3000,223.74485039710999,train_stats_exact,0.08425689488649368,3000,eval_history_exact,16.813039779663086,0.6411979794502258,0.5002756118774414,202860,False,False,-0.1622753143310547,-0.2852210998535156,,-0.014258027076721191,-0.012055814266204834,,-0.032826751470565796,-0.026319026947021484,,
pipeline_5df0ad97ef5a,12-Maisonneuve Market,model_compact-ridge_20260721_195042_ridge_without_intercept_regularization,model_selected,12_maisonneuve_market_phase2_run1_regularizati_20260721_200725,success,4000,302.0820827484131,train_stats_exact,0.08403212577104568,4000,eval_history_exact,16.256189346313477,0.6461213827133179,0.4879895746707916,237468,False,False,-0.7191257476806641,-0.842071533203125,,-0.00933462381362915,-0.007132411003112793,,-0.020540714263916016,-0.014032989740371704,,
pipeline_5df0ad97ef5a,12-Maisonneuve Market,model_compact-ridge_20260721_195042_ridge_without_intercept_regularization,model_selected,12_maisonneuve_market_phase2_run1_regularizati_20260721_200725,success,5000,381.46203541755676,train_stats_exact,0.12294819951057434,5000,eval_history_exact,16.97531509399414,0.655456006526947,0.4674488604068756,237468,True,True,0.0,-0.12294578552246094,,0.0,0.0022022128105163574,,0.0,0.0065077245235443115,,
pipeline_5df0ad97ef5a,12-Maisonneuve Market,model_compact-ridge_20260721_195042_ridge_without_intercept_regularization,time_control,12_maisonneuve_market_phase90_run1_regularizati_20260922_185037,success,1000,60.09433627128601,train_stats_exact,0.10844820737838745,1000,eval_history_exact,16.116004943847656,0.6097586750984192,0.60285884141922,143859,False,False,-0.8593101501464844,-0.9822559356689453,False,-0.04569733142852783,-0.043495118618011475,False,-0.13540998101234436,-0.12890225648880005,False,False
pipeline_5df0ad97ef5a,12-Maisonneuve Market,model_compact-ridge_20260721_195042_ridge_without_intercept_regularization,time_control,12_maisonneuve_market_phase90_run1_regularizati_20260922_185037,success,2000,142.70268273353577,train_stats_exact,0.15170985460281372,2000,eval_history_exact,16.407033920288086,0.623381495475769,0.546759843826294,199139,False,False,-0.5682811737060547,-0.6912269592285156,False,-0.03207451105117798,-0.02987229824066162,False,-0.07931098341941833,-0.07280325889587402,False,False
pipeline_5df0ad97ef5a,12-Maisonneuve Market,model_compact-ridge_20260721_195042_ridge_without_intercept_regularization,time_control,12_maisonneuve_market_phase90_run1_regularizati_20260922_185037,success,3000,224.98125004768372,train_stats_exact,0.0850539579987526,3000,eval_history_exact,16.741069793701172,0.6362926363945007,0.5101462602615356,262205,False,False,-0.23424530029296875,-0.3571910858154297,False,-0.01916337013244629,-0.01696115732192993,False,-0.042697399854660034,-0.03618967533111572,False,False
pipeline_5df0ad97ef5a,12-Maisonneuve Market,model_compact-ridge_20260721_195042_ridge_without_intercept_regularization,time_control,12_maisonneuve_market_phase90_run1_regularizati_20260922_185037,success,4000,308.62842655181885,train_stats_exact,0.0824393779039383,4000,eval_history_exact,16.70150375366211,0.6389630436897278,0.5002169013023376,319800,False,False,-0.27381134033203125,-0.3967571258544922,False,-0.01649296283721924,-0.01429075002670288,False,-0.032768040895462036,-0.026260316371917725,False,False
pipeline_5df0ad97ef5a,12-Maisonneuve Market,model_compact-ridge_20260721_195042_ridge_without_intercept_regularization,time_control,12_maisonneuve_market_phase90_run1_regularizati_20260922_185037,success,4835,381.4910190105438,train_stats_exact,0.139968603849411,4800,analytics_nearest_at_or_before,17.016191482543945,0.6482148766517639,0.48201146721839905,319800,True,True,0.04087638854980469,-0.08206939697265625,True,-0.0072411298751831055,-0.005038917064666748,False,-0.014562606811523438,-0.008054882287979126,False,False
pipeline_5df0ad97ef5a,12-Maisonneuve Market,model_compact-ridge_20260721_195042_ridge_without_intercept_regularization,gaussian_control,12_maisonneuve_market_phase91_run1_regularizati_20260922_220813,success,1000,60.127132415771484,train_stats_exact,0.11081814765930176,1000,eval_history_exact,16.043888092041016,0.6092880368232727,0.6019725203514099,143956,False,False,-0.931427001953125,-1.054372787475586,False,-0.046167969703674316,-0.04396575689315796,False,-0.1345236599445343,-0.12801593542099,False,False
pipeline_5df0ad97ef5a,12-Maisonneuve Market,model_compact-ridge_20260721_195042_ridge_without_intercept_regularization,gaussian_control,12_maisonneuve_market_phase91_run1_regularizati_20260922_220813,success,2000,139.52126932144165,train_stats_exact,0.1531626284122467,2000,eval_history_exact,16.286359786987305,0.6224374771118164,0.5498080253601074,198593,False,False,-0.6889553070068359,-0.8119010925292969,False,-0.033018529415130615,-0.030816316604614258,False,-0.08235916495323181,-0.0758514404296875,False,False
pipeline_5df0ad97ef5a,12-Maisonneuve Market,model_compact-ridge_20260721_195042_ridge_without_intercept_regularization,gaussian_control,12_maisonneuve_market_phase91_run1_regularizati_20260922_220813,success,3000,221.5354745388031,train_stats_exact,0.0768836960196495,3000,eval_history_exact,16.508020401000977,0.6315358877182007,0.5155506134033203,244350,False,False,-0.46729469299316406,-0.590240478515625,False,-0.023920118808746338,-0.02171790599822998,False,-0.0481017529964447,-0.04159402847290039,False,False
pipeline_5df0ad97ef5a,12-Maisonneuve Market,model_compact-ridge_20260721_195042_ridge_without_intercept_regularization,gaussian_control,12_maisonneuve_market_phase91_run1_regularizati_20260922_220813,success,3700,291.3571746349335,train_stats_exact,0.15124459564685822,3700,eval_history_exact,16.821529388427734,0.6444690823554993,0.4967067241668701,244350,True,True,-0.15378570556640625,-0.2767314910888672,False,-0.010986924171447754,-0.008784711360931396,False,-0.029257863759994507,-0.022750139236450195,False,False
pipeline_5df0ad97ef5a,4-Thomas-More-Church,model_compact-ridge_20260721_195042_ridge_without_intercept_regularization,baseline,4_thomas_more_church_phase1_run1_20260710_184519,success,1000,47.29816675186157,train_stats_exact,0.07529743015766144,1000,eval_history_exact,19.38220977783203,0.6798192262649536,0.5035048723220825,107928,False,False,-2.121593475341797,-2.485231399536133,,-0.10335814952850342,-0.10029417276382446,,-0.2039138674736023,-0.20151010155677795,,
pipeline_5df0ad97ef5a,4-Thomas-More-Church,model_compact-ridge_20260721_195042_ridge_without_intercept_regularization,baseline,4_thomas_more_church_phase1_run1_20260710_184519,success,2000,110.69140338897705,train_stats_exact,0.10983069241046906,2000,eval_history_exact,20.647541046142578,0.7308176159858704,0.39802053570747375,328651,False,False,-0.85626220703125,-1.219900131225586,,-0.05235975980758667,-0.049295783042907715,,-0.09842953085899353,-0.09602576494216919,,
pipeline_5df0ad97ef5a,4-Thomas-More-Church,model_compact-ridge_20260721_195042_ridge_without_intercept_regularization,baseline,4_thomas_more_church_phase1_run1_20260710_184519,success,3000,189.0845549106598,train_stats_exact,0.0802466869354248,3000,eval_history_exact,21.313098907470703,0.7571367621421814,0.3425464332103729,529187,False,False,-0.190704345703125,-0.5543422698974609,,-0.026040613651275635,-0.02297663688659668,,-0.0429554283618927,-0.04055166244506836,,
pipeline_5df0ad97ef5a,4-Thomas-More-Church,model_compact-ridge_20260721_195042_ridge_without_intercept_regularization,baseline,4_thomas_more_church_phase1_run1_20260710_184519,success,4000,270.06041193008423,train_stats_exact,0.07556059211492538,4000,eval_history_exact,20.575191497802734,0.7582110166549683,0.33579275012016296,667244,False,False,-0.9286117553710938,-1.2922496795654297,,-0.02496635913848877,-0.021902382373809814,,-0.03620174527168274,-0.0337979793548584,,
pipeline_5df0ad97ef5a,4-Thomas-More-Church,model_compact-ridge_20260721_195042_ridge_without_intercept_regularization,baseline,4_thomas_more_church_phase1_run1_20260710_184519,success,5000,349.147381067276,train_stats_exact,0.08769771456718445,5000,eval_history_exact,21.867441177368164,0.7801133990287781,0.30199477076530457,667244,True,True,0.36363792419433594,0.0,,-0.003063976764678955,0.0,,-0.002403765916824341,0.0,,
pipeline_5df0ad97ef5a,4-Thomas-More-Church,model_compact-ridge_20260721_195042_ridge_without_intercept_regularization,model_selected,4_thomas_more_church_phase2_run1_regularizati_20260721_202855,success,1000,47.71775507926941,train_stats_exact,0.0785302147269249,1000,eval_history_exact,19.557687759399414,0.6895214915275574,0.483217716217041,99288,False,False,-1.946115493774414,-2.30975341796875,,-0.09365588426589966,-0.0905919075012207,,-0.1836267113685608,-0.18122294545173645,,
pipeline_5df0ad97ef5a,4-Thomas-More-Church,model_compact-ridge_20260721_195042_ridge_without_intercept_regularization,model_selected,4_thomas_more_church_phase2_run1_regularizati_20260721_202855,success,2000,109.21293234825134,train_stats_exact,0.12215255200862885,2000,eval_history_exact,20.618505477905273,0.7410528063774109,0.38108694553375244,267510,False,False,-0.8852977752685547,-1.2489356994628906,,-0.04212456941604614,-0.03906059265136719,,-0.08149594068527222,-0.07909217476844788,,
pipeline_5df0ad97ef5a,4-Thomas-More-Church,model_compact-ridge_20260721_195042_ridge_without_intercept_regularization,model_selected,4_thomas_more_church_phase2_run1_regularizati_20260721_202855,success,3000,185.55643248558044,train_stats_exact,0.08500857651233673,3000,eval_history_exact,21.519195556640625,0.7679142951965332,0.3295286297798157,417132,False,False,0.015392303466796875,-0.34824562072753906,,-0.015263080596923828,-0.012199103832244873,,-0.02993762493133545,-0.02753385901451111,,
pipeline_5df0ad97ef5a,4-Thomas-More-Church,model_compact-ridge_20260721_195042_ridge_without_intercept_regularization,model_selected,4_thomas_more_church_phase2_run1_regularizati_20260721_202855,success,4000,263.11898732185364,train_stats_exact,0.06404033303260803,4000,eval_history_exact,20.97625160217285,0.7719193696975708,0.3180376887321472,508632,False,False,-0.5275516510009766,-0.8911895751953125,,-0.01125800609588623,-0.008194029331207275,,-0.018446683883666992,-0.01604291796684265,,
pipeline_5df0ad97ef5a,4-Thomas-More-Church,model_compact-ridge_20260721_195042_ridge_without_intercept_regularization,model_selected,4_thomas_more_church_phase2_run1_regularizati_20260721_202855,success,5000,340.09366106987,train_stats_exact,0.07225020229816437,5000,eval_history_exact,21.503803253173828,0.783177375793457,0.2995910048484802,508632,True,True,0.0,-0.36363792419433594,,0.0,0.003063976764678955,,0.0,0.002403765916824341,,
pipeline_5df0ad97ef5a,4-Thomas-More-Church,model_compact-ridge_20260721_195042_ridge_without_intercept_regularization,time_control,4_thomas_more_church_phase90_run1_regularizati_20260922_190701,success,1000,47.37758255004883,train_stats_exact,0.07919816672801971,1000,eval_history_exact,19.345977783203125,0.6787862777709961,0.5036591291427612,108230,False,False,-2.157825469970703,-2.521463394165039,False,-0.10439109802246094,-0.10132712125778198,False,-0.204068124294281,-0.20166435837745667,False,False
pipeline_5df0ad97ef5a,4-Thomas-More-Church,model_compact-ridge_20260721_195042_ridge_without_intercept_regularization,time_control,4_thomas_more_church_phase90_run1_regularizati_20260922_190701,success,2000,110.7050724029541,train_stats_exact,0.10837939381599426,2000,eval_history_exact,20.468059539794922,0.7318082451820374,0.3965384066104889,332038,False,False,-1.0357437133789062,-1.3993816375732422,False,-0.05136913061141968,-0.04830515384674072,False,-0.09694740176200867,-0.09454363584518433,False,False
pipeline_5df0ad97ef5a,4-Thomas-More-Church,model_compact-ridge_20260721_195042_ridge_without_intercept_regularization,time_control,4_thomas_more_church_phase90_run1_regularizati_20260922_190701,success,3000,186.74893498420715,train_stats_exact,0.07887803018093109,3000,eval_history_exact,21.434078216552734,0.7600119113922119,0.34051430225372314,532531,False,False,-0.06972503662109375,-0.4333629608154297,False,-0.023165464401245117,-0.020101487636566162,False,-0.04092329740524292,-0.03851953148841858,False,False
pipeline_5df0ad97ef5a,4-Thomas-More-Church,model_compact-ridge_20260721_195042_ridge_without_intercept_regularization,time_control,4_thomas_more_church_phase90_run1_regularizati_20260922_190701,success,4000,282.40991616249084,train_stats_exact,0.07415402680635452,4000,eval_history_exact,21.428571701049805,0.7701621055603027,0.3210786283016205,676536,False,False,-0.07523155212402344,-0.4388694763183594,False,-0.013015270233154297,-0.009951293468475342,False,-0.02148762345314026,-0.019083857536315918,False,False
pipeline_5df0ad97ef5a,4-Thomas-More-Church,model_compact-ridge_20260721_195042_ridge_without_intercept_regularization,time_control,4_thomas_more_church_phase90_run1_regularizati_20260922_190701,success,4592,340.1039628982544,train_stats_exact,0.06994684040546417,4500,analytics_nearest_at_or_before,21.714847564697266,0.7780013680458069,0.3057655990123749,676536,True,True,0.2110443115234375,-0.15259361267089844,True,-0.0051760077476501465,-0.0021120309829711914,False,-0.006174594163894653,-0.0037708282470703125,False,False
pipeline_5df0ad97ef5a,4-Thomas-More-Church,model_compact-ridge_20260721_195042_ridge_without_intercept_regularization,gaussian_control,4_thomas_more_church_phase91_run1_regularizati_20260922_221809,success,1000,46.96648645401001,train_stats_exact,0.07603994011878967,1000,eval_history_exact,19.286327362060547,0.6786649227142334,0.5049641728401184,107675,False,False,-2.2174758911132812,-2.581113815307617,False,-0.10451245307922363,-0.10144847631454468,False,-0.20537316799163818,-0.20296940207481384,False,False
pipeline_5df0ad97ef5a,4-Thomas-More-Church,model_compact-ridge_20260721_195042_ridge_without_intercept_regularization,gaussian_control,4_thomas_more_church_phase91_run1_regularizati_20260922_221809,success,2000,110.35667276382446,train_stats_exact,0.11074662208557129,2000,eval_history_exact,20.563322067260742,0.7335172891616821,0.39776214957237244,330391,False,False,-0.9404811859130859,-1.3041191101074219,False,-0.0496600866317749,-0.04659610986709595,False,-0.09817114472389221,-0.09576737880706787,False,False
pipeline_5df0ad97ef5a,4-Thomas-More-Church,model_compact-ridge_20260721_195042_ridge_without_intercept_regularization,gaussian_control,4_thomas_more_church_phase91_run1_regularizati_20260922_221809,success,3000,186.17696690559387,train_stats_exact,0.079731285572052,3000,eval_history_exact,21.627145767211914,0.7627304196357727,0.34023982286453247,515246,False,False,0.12334251403808594,-0.24029541015625,True,-0.020446956157684326,-0.01738297939300537,False,-0.040648818016052246,-0.038245052099227905,False,False
pipeline_5df0ad97ef5a,4-Thomas-More-Church,model_compact-ridge_20260721_195042_ridge_without_intercept_regularization,gaussian_control,4_thomas_more_church_phase91_run1_regularizati_20260922_221809,success,3900,265.49499464035034,train_stats_exact,0.0980769470334053,3900,eval_history_exact,22.049365997314453,0.7768334746360779,0.3147697150707245,515246,True,True,0.545562744140625,0.18192481994628906,True,-0.00634390115737915,-0.0032799243927001953,False,-0.015178710222244263,-0.012774944305419922,False,False
pipeline_5df0ad97ef5a,Brasov,model_compact-ridge_20260721_195042_ridge_without_intercept_regularization,baseline,brasov_phase1_run1_20260710_185658,success,1000,71.40790295600891,train_stats_exact,0.1409139335155487,1000,eval_history_exact,20.72640037536621,0.6431036591529846,0.41699856519699097,814733,False,False,-2.6417922973632812,-2.635833740234375,,-0.1724497675895691,-0.15917998552322388,,-0.24989604949951172,-0.2244560271501541,,
pipeline_5df0ad97ef5a,Brasov,model_compact-ridge_20260721_195042_ridge_without_intercept_regularization,baseline,brasov_phase1_run1_20260710_185658,success,2000,211.03798460960388,train_stats_exact,0.07943198084831238,2000,eval_history_exact,21.72389030456543,0.724892795085907,0.30106958746910095,1708513,False,False,-1.6443023681640625,-1.6383438110351562,,-0.09066063165664673,-0.07739084959030151,,-0.1339670717716217,-0.1085270494222641,,
pipeline_5df0ad97ef5a,Brasov,model_compact-ridge_20260721_195042_ridge_without_intercept_regularization,baseline,brasov_phase1_run1_20260710_185658,success,3000,415.056010723114,train_stats_exact,0.15412060916423798,3000,eval_history_exact,22.083171844482422,0.7570910453796387,0.2482166588306427,2490473,False,False,-1.2850208282470703,-1.279062271118164,,-0.05846238136291504,-0.045192599296569824,,-0.08111414313316345,-0.05567412078380585,,
pipeline_5df0ad97ef5a,Brasov,model_compact-ridge_20260721_195042_ridge_without_intercept_regularization,baseline,brasov_phase1_run1_20260710_185658,success,4000,643.907119512558,train_stats_exact,0.05653847008943558,4000,eval_history_exact,22.51995849609375,0.7840709686279297,0.21375468373298645,3107384,False,False,-0.8482341766357422,-0.8422756195068359,,-0.03148245811462402,-0.01821267604827881,,-0.0466521680355072,-0.021212145686149597,,
pipeline_5df0ad97ef5a,Brasov,model_compact-ridge_20260721_195042_ridge_without_intercept_regularization,baseline,brasov_phase1_run1_20260710_185658,success,5000,879.1249043941498,train_stats_exact,0.05665058270096779,5000,eval_history_exact,23.362234115600586,0.8022836446762085,0.19254253804683685,3107384,True,True,-0.00595855712890625,0.0,,-0.013269782066345215,0.0,,-0.025440022349357605,0.0,,
pipeline_5df0ad97ef5a,Brasov,model_compact-ridge_20260721_195042_ridge_without_intercept_regularization,model_selected,brasov_phase2_run1_regularizati_20260721_210224,success,1000,83.1750979423523,train_stats_exact,0.15498903393745422,1000,eval_history_exact,20.151979446411133,0.6074588894844055,0.4441000521183014,717984,False,False,-3.2162132263183594,-3.210254669189453,,-0.2080945372581482,-0.19482475519180298,,-0.27699753642082214,-0.25155751407146454,,
pipeline_5df0ad97ef5a,Brasov,model_compact-ridge_20260721_195042_ridge_without_intercept_regularization,model_selected,brasov_phase2_run1_regularizati_20260721_210224,success,2000,247.93024253845215,train_stats_exact,0.08978982269763947,2000,eval_history_exact,21.240474700927734,0.710307776927948,0.301974892616272,1432919,False,False,-2.127717971801758,-2.1217594146728516,,-0.10524564981460571,-0.0919758677482605,,-0.13487237691879272,-0.10943235456943512,,
pipeline_5df0ad97ef5a,Brasov,model_compact-ridge_20260721_195042_ridge_without_intercept_regularization,model_selected,brasov_phase2_run1_regularizati_20260721_210224,success,3000,453.47422671318054,train_stats_exact,0.1331825852394104,3000,eval_history_exact,22.30533218383789,0.7706679105758667,0.22499485313892365,2126063,False,False,-1.0628604888916016,-1.0569019317626953,,-0.04488551616668701,-0.0316157341003418,,-0.0578923374414444,-0.03245231509208679,,
pipeline_5df0ad97ef5a,Brasov,model_compact-ridge_20260721_195042_ridge_without_intercept_regularization,model_selected,brasov_phase2_run1_regularizati_20260721_210224,success,4000,698.051454782486,train_stats_exact,0.05699712783098221,4000,eval_history_exact,22.543989181518555,0.795293927192688,0.1880355328321457,2665212,False,False,-0.8242034912109375,-0.8182449340820312,,-0.020259499549865723,-0.006989717483520508,,-0.020933017134666443,0.004507005214691162,,
pipeline_5df0ad97ef5a,Brasov,model_compact-ridge_20260721_195042_ridge_without_intercept_regularization,model_selected,brasov_phase2_run1_regularizati_20260721_210224,success,5000,936.8995549678802,train_stats_exact,0.05513254180550575,5000,eval_history_exact,23.368192672729492,0.8155534267425537,0.16710251569747925,2665212,True,True,0.0,0.00595855712890625,,0.0,0.013269782066345215,,0.0,0.025440022349357605,,
pipeline_5df0ad97ef5a,Brasov,model_compact-ridge_20260721_195042_ridge_without_intercept_regularization,time_control,brasov_phase90_run1_regularizati_20260922_191727,success,1000,70.99011182785034,train_stats_exact,0.14040091633796692,1000,eval_history_exact,20.677400588989258,0.643192708492279,0.4164714813232422,815667,False,False,-2.6907920837402344,-2.684833526611328,False,-0.17236071825027466,-0.15909093618392944,False,-0.24936896562576294,-0.22392894327640533,False,False
pipeline_5df0ad97ef5a,Brasov,model_compact-ridge_20260721_195042_ridge_without_intercept_regularization,time_control,brasov_phase90_run1_regularizati_20260922_191727,success,2000,232.33185267448425,train_stats_exact,0.07952000200748444,2000,eval_history_exact,21.649120330810547,0.7250045537948608,0.30099502205848694,1713672,False,False,-1.7190723419189453,-1.713113784790039,False,-0.09054887294769287,-0.07727909088134766,False,-0.1338925063610077,-0.10845248401165009,False,False
pipeline_5df0ad97ef5a,Brasov,model_compact-ridge_20260721_195042_ridge_without_intercept_regularization,time_control,brasov_phase90_run1_regularizati_20260922_191727,success,3000,452.38968992233276,train_stats_exact,0.10627980530261993,3000,eval_history_exact,22.309005737304688,0.7661430835723877,0.24157248437404633,2494145,False,False,-1.0591869354248047,-1.0532283782958984,False,-0.049410343170166016,-0.0361405611038208,False,-0.07446996867656708,-0.04902994632720947,False,False
pipeline_5df0ad97ef5a,Brasov,model_compact-ridge_20260721_195042_ridge_without_intercept_regularization,time_control,brasov_phase90_run1_regularizati_20260922_191727,success,4000,693.9757995605469,train_stats_exact,0.05735468119382858,4000,eval_history_exact,22.641721725463867,0.786761999130249,0.20994694530963898,3116830,False,False,-0.726470947265625,-0.7205123901367188,False,-0.028791427612304688,-0.015521645545959473,False,-0.04284442961215973,-0.017404407262802124,False,False
pipeline_5df0ad97ef5a,Brasov,model_compact-ridge_20260721_195042_ridge_without_intercept_regularization,time_control,brasov_phase90_run1_regularizati_20260922_191727,success,5000,931.1947605609894,train_stats_exact,0.05790022015571594,5000,eval_history_exact,23.307767868041992,0.8020296096801758,0.19196873903274536,3116830,False,False,-0.0604248046875,-0.05446624755859375,False,-0.01352381706237793,-0.00025403499603271484,False,-0.024866223335266113,0.0005737990140914917,False,False
pipeline_5df0ad97ef5a,Brasov,model_compact-ridge_20260721_195042_ridge_without_intercept_regularization,time_control,brasov_phase90_run1_regularizati_20260922_191727,success,5001,982.1143369674683,train_stats_exact,0.05790022015571594,5000,analytics_nearest_at_or_before,23.303911209106445,0.8020082712173462,0.19197015464305878,3116830,True,True,-0.06428146362304688,-0.058322906494140625,False,-0.01354515552520752,-0.0002753734588623047,False,-0.02486763894557953,0.0005723834037780762,False,False
pipeline_5df0ad97ef5a,Brasov,model_compact-ridge_20260721_195042_ridge_without_intercept_regularization,gaussian_control,brasov_phase91_run1_regularizati_20260922_222723,success,1000,72.9103410243988,train_stats_exact,0.14069083333015442,1000,eval_history_exact,20.52468490600586,0.6427087783813477,0.4166732132434845,816169,False,False,-2.843507766723633,-2.8375492095947266,False,-0.17284464836120605,-0.15957486629486084,False,-0.24957069754600525,-0.22413067519664764,False,False
pipeline_5df0ad97ef5a,Brasov,model_compact-ridge_20260721_195042_ridge_without_intercept_regularization,gaussian_control,brasov_phase91_run1_regularizati_20260922_222723,success,2000,245.69393968582153,train_stats_exact,0.0789492130279541,2000,eval_history_exact,21.483428955078125,0.7225593328475952,0.30203914642333984,1718048,False,False,-1.8847637176513672,-1.878805160522461,False,-0.0929940938949585,-0.07972431182861328,False,-0.1349366307258606,-0.10949660837650299,False,False
pipeline_5df0ad97ef5a,Brasov,model_compact-ridge_20260721_195042_ridge_without_intercept_regularization,gaussian_control,brasov_phase91_run1_regularizati_20260922_222723,success,3000,451.91338062286377,train_stats_exact,0.10639262199401855,3000,eval_history_exact,22.31873893737793,0.7637205719947815,0.24313214421272278,2503596,False,False,-1.0494537353515625,-1.0434951782226562,False,-0.05183285474777222,-0.038563072681427,False,-0.07602962851524353,-0.050589606165885925,False,False
pipeline_5df0ad97ef5a,Brasov,model_compact-ridge_20260721_195042_ridge_without_intercept_regularization,gaussian_control,brasov_phase91_run1_regularizati_20260922_222723,success,4000,669.195723772049,train_stats_exact,0.05683690309524536,4000,eval_history_exact,23.1184024810791,0.7922311425209045,0.2082047015428543,2706838,False,False,-0.24979019165039062,-0.24383163452148438,False,-0.02332228422164917,-0.010052502155303955,False,-0.04110218584537506,-0.015662163496017456,False,False
pipeline_5df0ad97ef5a,Brasov,model_compact-ridge_20260721_195042_ridge_without_intercept_regularization,gaussian_control,brasov_phase91_run1_regularizati_20260922_222723,success,4300,770.1323189735413,train_stats_exact,0.06756258010864258,4300,eval_history_exact,23.13582992553711,0.7956255078315735,0.20251722633838654,2706838,True,True,-0.2323627471923828,-0.22640419006347656,False,-0.019927918910980225,-0.00665813684463501,False,-0.03541471064090729,-0.009974688291549683,False,False
pipeline_5df0ad97ef5a,Changu,model_compact-ridge_20260721_195042_ridge_without_intercept_regularization,baseline,changu_phase1_run1_20260710_192220,success,1000,75.8666877746582,train_stats_exact,0.21828392148017883,1000,eval_history_exact,18.16828155517578,0.5039638876914978,0.7243210673332214,566619,False,False,-1.9093589782714844,-1.8120708465576172,,-0.1401999592781067,-0.11814016103744507,,-0.2577429711818695,-0.20618301630020142,,
pipeline_5df0ad97ef5a,Changu,model_compact-ridge_20260721_195042_ridge_without_intercept_regularization,baseline,changu_phase1_run1_20260710_192220,success,2000,214.21829104423523,train_stats_exact,0.10622069239616394,2000,eval_history_exact,19.00282859802246,0.5559176802635193,0.6326096057891846,642339,False,False,-1.0748119354248047,-0.9775238037109375,,-0.0882461667060852,-0.06618636846542358,,-0.16603150963783264,-0.11447155475616455,,
pipeline_5df0ad97ef5a,Changu,model_compact-ridge_20260721_195042_ridge_without_intercept_regularization,baseline,changu_phase1_run1_20260710_192220,success,3000,361.57609939575195,train_stats_exact,0.17776155471801758,3000,eval_history_exact,19.439210891723633,0.5887559652328491,0.5741322636604309,757989,False,False,-0.6384296417236328,-0.5411415100097656,,-0.05540788173675537,-0.03334808349609375,,-0.10755416750907898,-0.05599421262741089,,
pipeline_5df0ad97ef5a,Changu,model_compact-ridge_20260721_195042_ridge_without_intercept_regularization,baseline,changu_phase1_run1_20260710_192220,success,4000,511.91149830818176,train_stats_exact,0.12743636965751648,4000,eval_history_exact,19.3192081451416,0.6031675934791565,0.5495058298110962,892774,False,False,-0.7584323883056641,-0.6611442565917969,,-0.040996253490448,-0.018936455249786377,,-0.08292773365974426,-0.03136777877807617,,
pipeline_5df0ad97ef5a,Changu,model_compact-ridge_20260721_195042_ridge_without_intercept_regularization,baseline,changu_phase1_run1_20260710_192220,success,5000,650.7019066810608,train_stats_exact,0.11835847795009613,5000,eval_history_exact,19.9803524017334,0.6221040487289429,0.51813805103302,892774,True,True,-0.09728813171386719,0.0,,-0.02205979824066162,0.0,,-0.05155995488166809,0.0,,
pipeline_5df0ad97ef5a,Changu,model_compact-ridge_20260721_195042_ridge_without_intercept_regularization,model_selected,changu_phase2_run1_regularizati_20260721_214121,success,1000,64.80554032325745,train_stats_exact,0.268399178981781,1000,eval_history_exact,17.890655517578125,0.4804084599018097,0.7549141645431519,595007,False,False,-2.1869850158691406,-2.0896968841552734,,-0.1637553870677948,-0.14169558882713318,,-0.2883360683917999,-0.23677611351013184,,
pipeline_5df0ad97ef5a,Changu,model_compact-ridge_20260721_195042_ridge_without_intercept_regularization,model_selected,changu_phase2_run1_regularizati_20260721_214121,success,2000,211.2408344745636,train_stats_exact,0.13106372952461243,2000,eval_history_exact,18.887178421020508,0.5379276275634766,0.6424441337585449,845296,False,False,-1.1904621124267578,-1.0931739807128906,,-0.10623621940612793,-0.08417642116546631,,-0.175866037607193,-0.1243060827255249,,
pipeline_5df0ad97ef5a,Changu,model_compact-ridge_20260721_195042_ridge_without_intercept_regularization,model_selected,changu_phase2_run1_regularizati_20260721_214121,success,3000,370.98112058639526,train_stats_exact,0.20122717320919037,3000,eval_history_exact,19.22404670715332,0.5886260867118835,0.5567253828048706,1288470,False,False,-0.8535938262939453,-0.7563056945800781,,-0.05553776025772095,-0.033477962017059326,,-0.09014728665351868,-0.038587331771850586,,
pipeline_5df0ad97ef5a,Changu,model_compact-ridge_20260721_195042_ridge_without_intercept_regularization,model_selected,changu_phase2_run1_regularizati_20260721_214121,success,4000,551.1724746227264,train_stats_exact,0.1430317759513855,4000,eval_history_exact,19.349462509155273,0.6193961501121521,0.5070423483848572,1787759,False,False,-0.7281780242919922,-0.630889892578125,,-0.024767696857452393,-0.0027078986167907715,,-0.04046425223350525,0.011095702648162842,,
pipeline_5df0ad97ef5a,Changu,model_compact-ridge_20260721_195042_ridge_without_intercept_regularization,model_selected,changu_phase2_run1_regularizati_20260721_214121,success,5000,751.1244096755981,train_stats_exact,0.13359980285167694,5000,eval_history_exact,20.077640533447266,0.6441638469696045,0.46657809615135193,1787759,True,True,0.0,0.09728813171386719,,0.0,0.02205979824066162,,0.0,0.05155995488166809,,
pipeline_5df0ad97ef5a,Changu,model_compact-ridge_20260721_195042_ridge_without_intercept_regularization,time_control,changu_phase90_run1_regularizati_20260922_193952,success,1000,72.80497479438782,train_stats_exact,0.21834272146224976,1000,eval_history_exact,18.127941131591797,0.5044152736663818,0.7232992053031921,567187,False,False,-1.9496994018554688,-1.8524112701416016,False,-0.13974857330322266,-0.11768877506256104,False,-0.2567211091518402,-0.20516115427017212,False,False
pipeline_5df0ad97ef5a,Changu,model_compact-ridge_20260721_195042_ridge_without_intercept_regularization,time_control,changu_phase90_run1_regularizati_20260922_193952,success,2000,198.68419408798218,train_stats_exact,0.10493598133325577,2000,eval_history_exact,19.004756927490234,0.5559918284416199,0.6322208046913147,643307,False,False,-1.0728836059570312,-0.9755954742431641,False,-0.08817201852798462,-0.066112220287323,False,-0.16564270853996277,-0.11408275365829468,False,False
pipeline_5df0ad97ef5a,Changu,model_compact-ridge_20260721_195042_ridge_without_intercept_regularization,time_control,changu_phase90_run1_regularizati_20260922_193952,success,3000,330.4943268299103,train_stats_exact,0.17156162858009338,3000,eval_history_exact,19.457603454589844,0.5884764194488525,0.5745745301246643,764067,False,False,-0.6200370788574219,-0.5227489471435547,False,-0.05568742752075195,-0.03362762928009033,False,-0.10799643397331238,-0.05643647909164429,False,False
pipeline_5df0ad97ef5a,Changu,model_compact-ridge_20260721_195042_ridge_without_intercept_regularization,time_control,changu_phase90_run1_regularizati_20260922_193952,success,4000,465.2232880592346,train_stats_exact,0.1254265308380127,4000,eval_history_exact,19.483022689819336,0.6060133576393127,0.5450642108917236,899544,False,False,-0.5946178436279297,-0.4973297119140625,False,-0.03815048933029175,-0.016090691089630127,False,-0.0784861147403717,-0.026926159858703613,False,False
pipeline_5df0ad97ef5a,Changu,model_compact-ridge_20260721_195042_ridge_without_intercept_regularization,time_control,changu_phase90_run1_regularizati_20260922_193952,success,5000,601.9473822116852,train_stats_exact,0.12057426571846008,5000,eval_history_exact,20.06787872314453,0.6237896084785461,0.5153359770774841,899544,False,False,-0.009761810302734375,0.08752632141113281,False,-0.02037423849105835,0.0016855597496032715,False,-0.0487578809261322,0.0028020739555358887,False,False
pipeline_5df0ad97ef5a,Changu,model_compact-ridge_20260721_195042_ridge_without_intercept_regularization,time_control,changu_phase90_run1_regularizati_20260922_193952,success,6000,733.7079675197601,train_stats_exact,0.17139923572540283,6000,eval_history_exact,20.300457000732422,0.6315738558769226,0.5000016689300537,899544,False,False,0.22281646728515625,0.32010459899902344,True,-0.012589991092681885,0.009469807147979736,False,-0.03342357277870178,0.01813638210296631,False,False
pipeline_5df0ad97ef5a,Changu,model_compact-ridge_20260721_195042_ridge_without_intercept_regularization,time_control,changu_phase90_run1_regularizati_20260922_193952,success,6001,805.7451138496399,train_stats_exact,0.17139923572540283,6000,analytics_nearest_at_or_before,20.299428939819336,0.6315898299217224,0.49996814131736755,899544,True,True,0.2217884063720703,0.3190765380859375,True,-0.01257401704788208,0.009485781192779541,False,-0.033390045166015625,0.018169909715652466,False,False
pipeline_5df0ad97ef5a,Changu,model_compact-ridge_20260721_195042_ridge_without_intercept_regularization,gaussian_control,changu_phase91_run1_regularizati_20260922_224628,success,1000,67.50321459770203,train_stats_exact,0.2216864824295044,1000,eval_history_exact,18.132490158081055,0.5036393404006958,0.724592387676239,567251,False,False,-1.945150375366211,-1.8478622436523438,False,-0.1405245065689087,-0.11846470832824707,False,-0.2580142915248871,-0.206454336643219,False,False
pipeline_5df0ad97ef5a,Changu,model_compact-ridge_20260721_195042_ridge_without_intercept_regularization,gaussian_control,changu_phase91_run1_regularizati_20260922_224628,success,2000,192.1640076637268,train_stats_exact,0.10669244825839996,2000,eval_history_exact,19.060781478881836,0.5565423369407654,0.6311318278312683,644051,False,False,-1.0168590545654297,-0.9195709228515625,False,-0.08762151002883911,-0.06556171178817749,False,-0.16455373167991638,-0.11299377679824829,False,False
pipeline_5df0ad97ef5a,Changu,model_compact-ridge_20260721_195042_ridge_without_intercept_regularization,gaussian_control,changu_phase91_run1_regularizati_20260922_224628,success,3000,325.9703073501587,train_stats_exact,0.17185688018798828,3000,eval_history_exact,19.4128360748291,0.5875499248504639,0.5769097208976746,762188,False,False,-0.6648044586181641,-0.5675163269042969,False,-0.056613922119140625,-0.034554123878479004,False,-0.11033162474632263,-0.05877166986465454,False,False
pipeline_5df0ad97ef5a,Changu,model_compact-ridge_20260721_195042_ridge_without_intercept_regularization,gaussian_control,changu_phase91_run1_regularizati_20260922_224628,success,4000,459.8145966529846,train_stats_exact,0.128567636013031,4000,eval_history_exact,19.41136360168457,0.6035522222518921,0.5489251613616943,899725,False,False,-0.6662769317626953,-0.5689888000488281,False,-0.0406116247177124,-0.01855182647705078,False,-0.08234706521034241,-0.030787110328674316,False,False
pipeline_5df0ad97ef5a,Changu,model_compact-ridge_20260721_195042_ridge_without_intercept_regularization,gaussian_control,changu_phase91_run1_regularizati_20260922_224628,success,5000,607.0054421424866,train_stats_exact,0.12265507876873016,5000,eval_history_exact,19.845996856689453,0.6196935176849365,0.5204601287841797,1021694,False,False,-0.2316436767578125,-0.1343555450439453,False,-0.02447032928466797,-0.0024105310440063477,False,-0.05388203263282776,-0.002322077751159668,False,False
pipeline_5df0ad97ef5a,Changu,model_compact-ridge_20260721_195042_ridge_without_intercept_regularization,gaussian_control,changu_phase91_run1_regularizati_20260922_224628,success,6000,761.4994957447052,train_stats_exact,0.21573153138160706,6000,eval_history_exact,20.04297637939453,0.6275507807731628,0.5029789805412292,1117476,False,False,-0.034664154052734375,0.06262397766113281,False,-0.01661306619644165,0.005446732044219971,False,-0.03640088438987732,0.015159070491790771,False,False
pipeline_5df0ad97ef5a,Changu,model_compact-ridge_20260721_195042_ridge_without_intercept_regularization,gaussian_control,changu_phase91_run1_regularizati_20260922_224628,success,7000,913.3318855762482,train_stats_exact,0.20630358159542084,7000,eval_history_exact,20.10287857055664,0.6330754160881042,0.49118682742118835,1192443,False,False,0.025238037109375,0.12252616882324219,True,-0.011088430881500244,0.010971367359161377,False,-0.024608731269836426,0.026951223611831665,False,False
pipeline_5df0ad97ef5a,Changu,model_compact-ridge_20260721_195042_ridge_without_intercept_regularization,gaussian_control,changu_phase91_run1_regularizati_20260922_224628,success,8000,1073.9580419063568,train_stats_exact,0.11707556247711182,8000,eval_history_exact,20.232234954833984,0.6367539167404175,0.48261040449142456,1264076,False,False,0.15459442138671875,0.25188255310058594,True,-0.007409930229187012,0.01464986801147461,False,-0.016032308340072632,0.03552764654159546,False,False
pipeline_5df0ad97ef5a,Changu,model_compact-ridge_20260721_195042_ridge_without_intercept_regularization,gaussian_control,changu_phase91_run1_regularizati_20260922_224628,success,9000,1237.8743102550507,train_stats_exact,0.10748802125453949,9000,eval_history_exact,20.36355972290039,0.6410307288169861,0.4748755395412445,1333756,False,False,0.285919189453125,0.3832073211669922,True,-0.003133118152618408,0.018926680088043213,False,-0.008297443389892578,0.04326251149177551,False,False
pipeline_5df0ad97ef5a,Changu,model_compact-ridge_20260721_195042_ridge_without_intercept_regularization,gaussian_control,changu_phase91_run1_regularizati_20260922_224628,success,10000,1408.4370784759521,train_stats_exact,0.13211095333099365,10000,eval_history_exact,20.434370040893555,0.6432875990867615,0.4698033928871155,1398865,False,False,0.35672950744628906,0.45401763916015625,True,-0.0008762478828430176,0.021183550357818604,False,-0.00322529673576355,0.04833465814590454,False,False
pipeline_5df0ad97ef5a,Changu,model_compact-ridge_20260721_195042_ridge_without_intercept_regularization,gaussian_control,changu_phase91_run1_regularizati_20260922_224628,success,11000,1575.373161315918,train_stats_exact,0.13431884348392487,11000,eval_history_exact,20.567684173583984,0.6461862325668335,0.4631231129169464,1447150,False,False,0.49004364013671875,0.5873317718505859,True,0.002022385597229004,0.024082183837890625,True,0.0034549832344055176,0.05501493811607361,True,True
pipeline_5df0ad97ef5a,Changu,model_compact-ridge_20260721_195042_ridge_without_intercept_regularization,gaussian_control,changu_phase91_run1_regularizati_20260922_224628,success,12000,1744.0159182548523,train_stats_exact,0.12492126226425171,12000,eval_history_exact,20.52083969116211,0.6472875475883484,0.4599000811576843,1504528,False,False,0.44319915771484375,0.5404872894287109,True,0.0031237006187438965,0.025183498859405518,True,0.0066780149936676025,0.05823796987533569,True,True
pipeline_5df0ad97ef5a,Changu,model_compact-ridge_20260721_195042_ridge_without_intercept_regularization,gaussian_control,changu_phase91_run1_regularizati_20260922_224628,success,13000,1927.2982008457184,train_stats_exact,0.1332341730594635,13000,eval_history_exact,20.615550994873047,0.6497021913528442,0.45562273263931274,1554025,False,False,0.5379104614257812,0.6351985931396484,True,0.005538344383239746,0.027598142623901367,True,0.010955363512039185,0.06251531839370728,True,True
pipeline_5df0ad97ef5a,Changu,model_compact-ridge_20260721_195042_ridge_without_intercept_regularization,gaussian_control,changu_phase91_run1_regularizati_20260922_224628,success,14000,2104.916208744049,train_stats_exact,0.10316583514213562,14000,eval_history_exact,20.661062240600586,0.6516141891479492,0.450933575630188,1598796,False,False,0.5834217071533203,0.6807098388671875,True,0.0074503421783447266,0.029510140419006348,True,0.01564452052116394,0.06720447540283203,True,True
pipeline_5df0ad97ef5a,Changu,model_compact-ridge_20260721_195042_ridge_without_intercept_regularization,gaussian_control,changu_phase91_run1_regularizati_20260922_224628,success,15000,2277.2012820243835,train_stats_exact,0.11616431176662445,15000,eval_history_exact,20.7869930267334,0.6535103917121887,0.44739606976509094,1638202,True,True,0.7093524932861328,0.806640625,True,0.009346544742584229,0.03140634298324585,True,0.019182026386260986,0.07074198126792908,True,True
pipeline_5df0ad97ef5a,Chatteau_circle_60_and_45_degrees,model_compact-ridge_20260721_195042_ridge_without_intercept_regularization,baseline,chatteau_circle_60_and_45_degrees_phase1_run1_20260710_194316,success,1000,40.93077492713928,train_stats_exact,0.15407928824424744,1000,eval_history_exact,21.62293243408203,0.418381929397583,0.7792819738388062,27854,False,False,-2.1818466186523438,-1.7524948120117188,,-0.23544222116470337,-0.14909100532531738,,-0.5272336006164551,-0.33001041412353516,,
pipeline_5df0ad97ef5a,Chatteau_circle_60_and_45_degrees,model_compact-ridge_20260721_195042_ridge_without_intercept_regularization,baseline,chatteau_circle_60_and_45_degrees_phase1_run1_20260710_194316,success,2000,92.09667730331421,train_stats_exact,0.13574716448783875,2000,eval_history_exact,22.80927085876465,0.5000655055046082,0.6062145233154297,145278,False,False,-0.9955081939697266,-0.5661563873291016,,-0.15375864505767822,-0.06740742921829224,,-0.3541661500930786,-0.1569429636001587,,
pipeline_5df0ad97ef5a,Chatteau_circle_60_and_45_degrees,model_compact-ridge_20260721_195042_ridge_without_intercept_regularization,baseline,chatteau_circle_60_and_45_degrees_phase1_run1_20260710_194316,success,3000,149.41383838653564,train_stats_exact,0.11976373195648193,3000,eval_history_exact,23.263896942138672,0.5419309139251709,0.5177068114280701,291993,False,False,-0.5408821105957031,-0.11153030395507812,,-0.11189323663711548,-0.025542020797729492,,-0.265658438205719,-0.06843525171279907,,
pipeline_5df0ad97ef5a,Chatteau_circle_60_and_45_degrees,model_compact-ridge_20260721_195042_ridge_without_intercept_regularization,baseline,chatteau_circle_60_and_45_degrees_phase1_run1_20260710_194316,success,4000,213.09778881072998,train_stats_exact,0.11633004993200302,4000,eval_history_exact,23.364879608154297,0.561463475227356,0.47049570083618164,414895,False,False,-0.4398994445800781,-0.010547637939453125,,-0.09236067533493042,-0.006009459495544434,,-0.21844732761383057,-0.021224141120910645,,
pipeline_5df0ad97ef5a,Chatteau_circle_60_and_45_degrees,model_compact-ridge_20260721_195042_ridge_without_intercept_regularization,baseline,chatteau_circle_60_and_45_degrees_phase1_run1_20260710_194316,success,5000,279.8461422920227,train_stats_exact,0.09497411549091339,5000,eval_history_exact,23.37542724609375,0.5674729347229004,0.449271559715271,414895,True,True,-0.429351806640625,0.0,,-0.08635121583938599,0.0,,-0.19722318649291992,0.0,,
pipeline_5df0ad97ef5a,Chatteau_circle_60_and_45_degrees,model_compact-ridge_20260721_195042_ridge_without_intercept_regularization,model_selected,chatteau_circle_60_and_45_degrees_phase2_run1_regularizati_20260721_221014,success,1000,40.16237664222717,train_stats_exact,0.1851692497730255,1000,eval_history_exact,22.14198875427246,0.4566987156867981,0.7038585543632507,53818,False,False,-1.662790298461914,-1.233438491821289,,-0.19712543487548828,-0.1107742190361023,,-0.45181018114089966,-0.25458699464797974,,
pipeline_5df0ad97ef5a,Chatteau_circle_60_and_45_degrees,model_compact-ridge_20260721_195042_ridge_without_intercept_regularization,model_selected,chatteau_circle_60_and_45_degrees_phase2_run1_regularizati_20260721_221014,success,2000,102.77027368545532,train_stats_exact,0.13668552041053772,2000,eval_history_exact,23.532718658447266,0.5949538350105286,0.41469138860702515,608181,False,False,-0.2720603942871094,0.15729141235351562,,-0.05887031555175781,0.027480900287628174,,-0.16264301538467407,0.03458017110824585,,
pipeline_5df0ad97ef5a,Chatteau_circle_60_and_45_degrees,model_compact-ridge_20260721_195042_ridge_without_intercept_regularization,model_selected,chatteau_circle_60_and_45_degrees_phase2_run1_regularizati_20260721_221014,success,3000,219.20742559432983,train_stats_exact,0.09978819638490677,3000,eval_history_exact,23.973440170288086,0.6454014182090759,0.30320513248443604,1563366,False,False,0.16866111755371094,0.5980129241943359,,-0.00842273235321045,0.07792848348617554,,-0.05115675926208496,0.14606642723083496,,
pipeline_5df0ad97ef5a,Chatteau_circle_60_and_45_degrees,model_compact-ridge_20260721_195042_ridge_without_intercept_regularization,model_selected,chatteau_circle_60_and_45_degrees_phase2_run1_regularizati_20260721_221014,success,4000,392.51523637771606,train_stats_exact,0.08499561995267868,4000,eval_history_exact,23.905967712402344,0.6543073654174805,0.2656390964984894,2297891,False,False,0.10118865966796875,0.5305404663085938,,0.0004832148551940918,0.08683443069458008,,-0.013590723276138306,0.18363246321678162,,
pipeline_5df0ad97ef5a,Chatteau_circle_60_and_45_degrees,model_compact-ridge_20260721_195042_ridge_without_intercept_regularization,model_selected,chatteau_circle_60_and_45_degrees_phase2_run1_regularizati_20260721_221014,success,5000,572.2066397666931,train_stats_exact,0.061157822608947754,5000,eval_history_exact,23.804779052734375,0.6538241505622864,0.2520483732223511,2297891,True,True,0.0,0.429351806640625,,0.0,0.08635121583938599,,0.0,0.19722318649291992,,
pipeline_5df0ad97ef5a,Chatteau_circle_60_and_45_degrees,model_compact-ridge_20260721_195042_ridge_without_intercept_regularization,time_control,chatteau_circle_60_and_45_degrees_phase90_run1_regularizati_20260922_195917,success,1000,40.43942952156067,train_stats_exact,0.15361104905605316,1000,eval_history_exact,21.705053329467773,0.41907066106796265,0.7779871821403503,27921,False,False,-2.0997257232666016,-1.6703739166259766,False,-0.23475348949432373,-0.14840227365493774,False,-0.5259388089179993,-0.32871562242507935,False,False
pipeline_5df0ad97ef5a,Chatteau_circle_60_and_45_degrees,model_compact-ridge_20260721_195042_ridge_without_intercept_regularization,time_control,chatteau_circle_60_and_45_degrees_phase90_run1_regularizati_20260922_195917,success,2000,91.53792977333069,train_stats_exact,0.1360771358013153,2000,eval_history_exact,22.84075927734375,0.4979308247566223,0.6091291904449463,142730,False,False,-0.964019775390625,-0.53466796875,False,-0.15589332580566406,-0.06954210996627808,False,-0.3570808172225952,-0.1598576307296753,False,False
pipeline_5df0ad97ef5a,Chatteau_circle_60_and_45_degrees,model_compact-ridge_20260721_195042_ridge_without_intercept_regularization,time_control,chatteau_circle_60_and_45_degrees_phase90_run1_regularizati_20260922_195917,success,3000,153.3557288646698,train_stats_exact,0.11936066299676895,3000,eval_history_exact,23.23305320739746,0.539008378982544,0.5215493440628052,285315,False,False,-0.5717258453369141,-0.14237403869628906,False,-0.11481577157974243,-0.028464555740356445,False,-0.2695009708404541,-0.07227778434753418,False,False
pipeline_5df0ad97ef5a,Chatteau_circle_60_and_45_degrees,model_compact-ridge_20260721_195042_ridge_without_intercept_regularization,time_control,chatteau_circle_60_and_45_degrees_phase90_run1_regularizati_20260922_195917,success,4000,227.72470712661743,train_stats_exact,0.1178908497095108,4000,eval_history_exact,23.296371459960938,0.5588862895965576,0.4723880887031555,412410,False,False,-0.5084075927734375,-0.0790557861328125,False,-0.09493786096572876,-0.008586645126342773,False,-0.22033971548080444,-0.02311652898788452,False,False
pipeline_5df0ad97ef5a,Chatteau_circle_60_and_45_degrees,model_compact-ridge_20260721_195042_ridge_without_intercept_regularization,time_control,chatteau_circle_60_and_45_degrees_phase90_run1_regularizati_20260922_195917,success,5000,299.06570649147034,train_stats_exact,0.09437991678714752,5000,eval_history_exact,23.318370819091797,0.5648188591003418,0.4506530165672302,412410,False,False,-0.4864082336425781,-0.057056427001953125,False,-0.08900529146194458,-0.0026540756225585938,False,-0.19860464334487915,-0.0013814568519592285,False,False
pipeline_5df0ad97ef5a,Chatteau_circle_60_and_45_degrees,model_compact-ridge_20260721_195042_ridge_without_intercept_regularization,time_control,chatteau_circle_60_and_45_degrees_phase90_run1_regularizati_20260922_195917,success,6000,372.297810792923,train_stats_exact,0.10798609256744385,6000,eval_history_exact,23.300132751464844,0.5672029256820679,0.43914633989334106,412410,False,False,-0.5046463012695312,-0.07529449462890625,False,-0.0866212248802185,-0.00027000904083251953,False,-0.18709796667099,0.010125219821929932,False,False
pipeline_5df0ad97ef5a,Chatteau_circle_60_and_45_degrees,model_compact-ridge_20260721_195042_ridge_without_intercept_regularization,time_control,chatteau_circle_60_and_45_degrees_phase90_run1_regularizati_20260922_195917,success,7000,440.7436680793762,train_stats_exact,0.09368646889925003,7000,eval_history_exact,23.25855827331543,0.5683344006538391,0.43403685092926025,412410,False,False,-0.5462207794189453,-0.11686897277832031,False,-0.08548974990844727,0.0008614659309387207,False,-0.18198847770690918,0.015234708786010742,False,False
pipeline_5df0ad97ef5a,Chatteau_circle_60_and_45_degrees,model_compact-ridge_20260721_195042_ridge_without_intercept_regularization,time_control,chatteau_circle_60_and_45_degrees_phase90_run1_regularizati_20260922_195917,success,8000,506.4154589176178,train_stats_exact,0.0866657942533493,8000,eval_history_exact,23.20467185974121,0.5684286952018738,0.4296470880508423,412410,False,False,-0.6001071929931641,-0.17075538635253906,False,-0.0853954553604126,0.0009557604789733887,False,-0.1775987148284912,0.01962447166442871,False,False
pipeline_5df0ad97ef5a,Chatteau_circle_60_and_45_degrees,model_compact-ridge_20260721_195042_ridge_without_intercept_regularization,time_control,chatteau_circle_60_and_45_degrees_phase90_run1_regularizati_20260922_195917,success,8990,572.2533020973206,train_stats_exact,0.0959499180316925,8900,analytics_nearest_at_or_before,23.215328216552734,0.568866491317749,0.426198810338974,412410,True,True,-0.5894508361816406,-0.16009902954101562,False,-0.08495765924453735,0.0013935565948486328,False,-0.17415043711662292,0.023072749376296997,False,False
pipeline_5df0ad97ef5a,Chatteau_circle_60_and_45_degrees,model_compact-ridge_20260721_195042_ridge_without_intercept_regularization,gaussian_control,chatteau_circle_60_and_45_degrees_phase91_run1_regularizati_20260922_233038,success,1000,40.611472368240356,train_stats_exact,0.15384379029273987,1000,eval_history_exact,21.678524017333984,0.4182516038417816,0.7795369029045105,27733,False,False,-2.1262550354003906,-1.6969032287597656,False,-0.23557254672050476,-0.14922133088111877,False,-0.5274885296821594,-0.3302653431892395,False,False
pipeline_5df0ad97ef5a,Chatteau_circle_60_and_45_degrees,model_compact-ridge_20260721_195042_ridge_without_intercept_regularization,gaussian_control,chatteau_circle_60_and_45_degrees_phase91_run1_regularizati_20260922_233038,success,2000,93.21749424934387,train_stats_exact,0.13655570149421692,2000,eval_history_exact,22.82131576538086,0.4969538152217865,0.6098078489303589,142842,False,False,-0.9834632873535156,-0.5541114807128906,False,-0.15687033534049988,-0.07051911950111389,False,-0.3577594757080078,-0.1605362892150879,False,False
pipeline_5df0ad97ef5a,Chatteau_circle_60_and_45_degrees,model_compact-ridge_20260721_195042_ridge_without_intercept_regularization,gaussian_control,chatteau_circle_60_and_45_degrees_phase91_run1_regularizati_20260922_233038,success,3000,156.6571364402771,train_stats_exact,0.12111023813486099,3000,eval_history_exact,23.261417388916016,0.5387181639671326,0.5212504863739014,286953,False,False,-0.5433616638183594,-0.11400985717773438,False,-0.11510598659515381,-0.028754770755767822,False,-0.2692021131515503,-0.07197892665863037,False,False
pipeline_5df0ad97ef5a,Chatteau_circle_60_and_45_degrees,model_compact-ridge_20260721_195042_ridge_without_intercept_regularization,gaussian_control,chatteau_circle_60_and_45_degrees_phase91_run1_regularizati_20260922_233038,success,4000,227.9050796031952,train_stats_exact,0.11816209554672241,4000,eval_history_exact,23.378875732421875,0.5587587952613831,0.47352999448776245,409021,False,False,-0.4259033203125,0.003448486328125,False,-0.09506535530090332,-0.008714139461517334,False,-0.22148162126541138,-0.024258434772491455,False,False
pipeline_5df0ad97ef5a,Chatteau_circle_60_and_45_degrees,model_compact-ridge_20260721_195042_ridge_without_intercept_regularization,gaussian_control,chatteau_circle_60_and_45_degrees_phase91_run1_regularizati_20260922_233038,success,5000,307.67713165283203,train_stats_exact,0.0942780002951622,5000,eval_history_exact,23.355764389038086,0.5676529407501221,0.4471009373664856,494309,False,False,-0.44901466369628906,-0.019662857055664062,False,-0.0861712098121643,0.0001800060272216797,False,-0.19505256414413452,0.0021706223487854004,False,False
pipeline_5df0ad97ef5a,Chatteau_circle_60_and_45_degrees,model_compact-ridge_20260721_195042_ridge_without_intercept_regularization,gaussian_control,chatteau_circle_60_and_45_degrees_phase91_run1_regularizati_20260922_233038,success,6000,393.9824643135071,train_stats_exact,0.10592813789844513,6000,eval_history_exact,23.332508087158203,0.5728499889373779,0.4289141595363617,559255,False,False,-0.4722709655761719,-0.042919158935546875,False,-0.08097416162490845,0.005377054214477539,False,-0.17686578631401062,0.020357400178909302,False,False
pipeline_5df0ad97ef5a,Chatteau_circle_60_and_45_degrees,model_compact-ridge_20260721_195042_ridge_without_intercept_regularization,gaussian_control,chatteau_circle_60_and_45_degrees_phase91_run1_regularizati_20260922_233038,success,7000,470.11650800704956,train_stats_exact,0.09115652740001678,7000,eval_history_exact,23.283018112182617,0.5758078098297119,0.41773006319999695,609366,False,False,-0.5217609405517578,-0.09240913391113281,False,-0.07801634073257446,0.008334875106811523,False,-0.16568168997764587,0.03154149651527405,False,False
pipeline_5df0ad97ef5a,Chatteau_circle_60_and_45_degrees,model_compact-ridge_20260721_195042_ridge_without_intercept_regularization,gaussian_control,chatteau_circle_60_and_45_degrees_phase91_run1_regularizati_20260922_233038,success,8000,563.8845262527466,train_stats_exact,0.08291659504175186,8000,eval_history_exact,23.225540161132812,0.5770829916000366,0.40914449095726013,653464,False,False,-0.5792388916015625,-0.1498870849609375,False,-0.07674115896224976,0.00961005687713623,False,-0.15709611773490906,0.040127068758010864,False,False
pipeline_5df0ad97ef5a,Chatteau_circle_60_and_45_degrees,model_compact-ridge_20260721_195042_ridge_without_intercept_regularization,gaussian_control,chatteau_circle_60_and_45_degrees_phase91_run1_regularizati_20260922_233038,success,9000,648.8284604549408,train_stats_exact,0.0859692245721817,9000,eval_history_exact,23.212743759155273,0.578392505645752,0.40170717239379883,692088,False,False,-0.5920352935791016,-0.16268348693847656,False,-0.07543164491653442,0.010919570922851562,False,-0.14965879917144775,0.04756438732147217,False,False
pipeline_5df0ad97ef5a,Chatteau_circle_60_and_45_degrees,model_compact-ridge_20260721_195042_ridge_without_intercept_regularization,gaussian_control,chatteau_circle_60_and_45_degrees_phase91_run1_regularizati_20260922_233038,success,10000,748.2214193344116,train_stats_exact,0.09554143249988556,10000,eval_history_exact,23.158361434936523,0.5792856216430664,0.39552539587020874,725781,False,False,-0.6464176177978516,-0.21706581115722656,False,-0.07453852891921997,0.011812686920166016,False,-0.14347702264785767,0.053746163845062256,False,False
pipeline_5df0ad97ef5a,Chatteau_circle_60_and_45_degrees,model_compact-ridge_20260721_195042_ridge_without_intercept_regularization,gaussian_control,chatteau_circle_60_and_45_degrees_phase91_run1_regularizati_20260922_233038,success,11000,832.3946623802185,train_stats_exact,0.07549260556697845,11000,eval_history_exact,23.124364852905273,0.5790486335754395,0.3904796838760376,756469,False,False,-0.6804141998291016,-0.25106239318847656,False,-0.07477551698684692,0.011575698852539062,False,-0.13843131065368652,0.0587918758392334,False,False
pipeline_5df0ad97ef5a,Chatteau_circle_60_and_45_degrees,model_compact-ridge_20260721_195042_ridge_without_intercept_regularization,gaussian_control,chatteau_circle_60_and_45_degrees_phase91_run1_regularizati_20260922_233038,success,12000,934.5968236923218,train_stats_exact,0.10775260627269745,12000,eval_history_exact,23.080852508544922,0.579978346824646,0.386680006980896,785584,False,False,-0.7239265441894531,-0.2945747375488281,False,-0.07384580373764038,0.012505412101745605,False,-0.13463163375854492,0.062591552734375,False,False
pipeline_5df0ad97ef5a,Chatteau_circle_60_and_45_degrees,model_compact-ridge_20260721_195042_ridge_without_intercept_regularization,gaussian_control,chatteau_circle_60_and_45_degrees_phase91_run1_regularizati_20260922_233038,success,13000,1026.3791735172272,train_stats_exact,0.0814543217420578,13000,eval_history_exact,23.072866439819336,0.5801761150360107,0.3832027316093445,812266,False,False,-0.7319126129150391,-0.30256080627441406,False,-0.07364803552627563,0.012703180313110352,False,-0.1311543583869934,0.06606882810592651,False,False
pipeline_5df0ad97ef5a,Chatteau_circle_60_and_45_degrees,model_compact-ridge_20260721_195042_ridge_without_intercept_regularization,gaussian_control,chatteau_circle_60_and_45_degrees_phase91_run1_regularizati_20260922_233038,success,14000,1122.444813966751,train_stats_exact,0.08039836585521698,14000,eval_history_exact,23.05208969116211,0.580289363861084,0.3795689046382904,838600,False,False,-0.7526893615722656,-0.3233375549316406,False,-0.07353478670120239,0.012816429138183594,False,-0.12752053141593933,0.06970265507698059,False,False
pipeline_5df0ad97ef5a,Chatteau_circle_60_and_45_degrees,model_compact-ridge_20260721_195042_ridge_without_intercept_regularization,gaussian_control,chatteau_circle_60_and_45_degrees_phase91_run1_regularizati_20260922_233038,success,15000,1219.0754261016846,train_stats_exact,0.07557334750890732,15000,eval_history_exact,23.007465362548828,0.5804226398468018,0.3768288493156433,865341,True,True,-0.7973136901855469,-0.3679618835449219,False,-0.07340151071548462,0.012949705123901367,False,-0.12478047609329224,0.07244271039962769,False,False
pipeline_5df0ad97ef5a,DJI_202402171501_006_KTM20-oblique,model_compact-ridge_20260721_195042_ridge_without_intercept_regularization,baseline,dji_202402171501_006_ktm20_oblique_phase1_run1_20260710_195342,success,1000,57.927292585372925,train_stats_exact,0.17357084155082703,1000,eval_history_exact,18.293140411376953,0.46166592836380005,0.7011852860450745,480444,False,False,-1.5690765380859375,-4.378320693969727,,-0.14475524425506592,-0.2832815647125244,,-0.2600492238998413,-0.3921312689781189,,
pipeline_5df0ad97ef5a,DJI_202402171501_006_KTM20-oblique,model_compact-ridge_20260721_195042_ridge_without_intercept_regularization,baseline,dji_202402171501_006_ktm20_oblique_phase1_run1_20260710_195342,success,2000,179.59507751464844,train_stats_exact,0.12517878413200378,2000,eval_history_exact,19.900896072387695,0.5802655816078186,0.5366503596305847,1321197,False,False,0.03867912292480469,-2.7705650329589844,,-0.026155591011047363,-0.16468191146850586,,-0.09551429748535156,-0.22759634256362915,,
pipeline_5df0ad97ef5a,DJI_202402171501_006_KTM20-oblique,model_compact-ridge_20260721_195042_ridge_without_intercept_regularization,baseline,dji_202402171501_006_ktm20_oblique_phase1_run1_20260710_195342,success,3000,369.4965994358063,train_stats_exact,0.1022525280714035,3000,eval_history_exact,21.24469757080078,0.6701692342758179,0.4153877794742584,2326157,False,False,1.3824806213378906,-1.4267635345458984,,0.0637480616569519,-0.07477825880050659,,0.02574828267097473,-0.10633376240730286,,
pipeline_5df0ad97ef5a,DJI_202402171501_006_KTM20-oblique,model_compact-ridge_20260721_195042_ridge_without_intercept_regularization,baseline,dji_202402171501_006_ktm20_oblique_phase1_run1_20260710_195342,success,4000,602.9409210681915,train_stats_exact,0.12441036105155945,4000,eval_history_exact,22.065181732177734,0.7186350226402283,0.34575700759887695,3205138,False,False,2.2029647827148438,-0.6062793731689453,,0.1122138500213623,-0.02631247043609619,,0.0953790545463562,-0.03670299053192139,,
pipeline_5df0ad97ef5a,DJI_202402171501_006_KTM20-oblique,model_compact-ridge_20260721_195042_ridge_without_intercept_regularization,baseline,dji_202402171501_006_ktm20_oblique_phase1_run1_20260710_195342,success,5000,850.8770134449005,train_stats_exact,0.07820165157318115,5000,eval_history_exact,22.67146110534668,0.7449474930763245,0.30905401706695557,3205138,True,True,2.809244155883789,0.0,,0.1385263204574585,0.0,,0.1320820450782776,0.0,,
pipeline_5df0ad97ef5a,DJI_202402171501_006_KTM20-oblique,model_compact-ridge_20260721_195042_ridge_without_intercept_regularization,model_selected,dji_202402171501_006_ktm20_oblique_phase2_run1_regularizati_20260721_224234,hard_cap_reached,1000,59.51543140411377,train_stats_exact,0.22387151420116425,1000,eval_history_exact,16.78097152709961,0.3681628704071045,0.8036848902702332,537400,False,False,-3.0812454223632812,-5.89048957824707,,-0.23825830221176147,-0.37678462266921997,,-0.362548828125,-0.4946308732032776,,
pipeline_5df0ad97ef5a,DJI_202402171501_006_KTM20-oblique,model_compact-ridge_20260721_195042_ridge_without_intercept_regularization,model_selected,dji_202402171501_006_ktm20_oblique_phase2_run1_regularizati_20260721_224234,hard_cap_reached,2000,198.47491693496704,train_stats_exact,0.17420658469200134,2000,eval_history_exact,18.108257293701172,0.4660111963748932,0.6266543865203857,1738726,False,False,-1.7539596557617188,-4.563203811645508,,-0.14040997624397278,-0.2789362967014313,,-0.1855183243751526,-0.3176003694534302,,
pipeline_5df0ad97ef5a,DJI_202402171501_006_KTM20-oblique,model_compact-ridge_20260721_195042_ridge_without_intercept_regularization,model_selected,dji_202402171501_006_ktm20_oblique_phase2_run1_regularizati_20260721_224234,hard_cap_reached,3000,457.7012827396393,train_stats_exact,0.13222636282444,3000,eval_history_exact,19.86221694946289,0.606421172618866,0.44113606214523315,3822852,True,True,0.0,-2.809244155883789,,0.0,-0.1385263204574585,,0.0,-0.1320820450782776,,
pipeline_5df0ad97ef5a,DJI_202402171501_006_KTM20-oblique,model_compact-ridge_20260721_195042_ridge_without_intercept_regularization,time_control,dji_202402171501_006_ktm20_oblique_phase90_run1_regularizati_20260922_201321,success,1000,56.469630002975464,train_stats_exact,0.17323701083660126,1000,eval_history_exact,18.279766082763672,0.46162548661231995,0.7017509341239929,480341,False,False,-1.5824508666992188,-4.391695022583008,False,-0.14479568600654602,-0.2833220064640045,False,-0.26061487197875977,-0.39269691705703735,False,False
pipeline_5df0ad97ef5a,DJI_202402171501_006_KTM20-oblique,model_compact-ridge_20260721_195042_ridge_without_intercept_regularization,time_control,dji_202402171501_006_ktm20_oblique_phase90_run1_regularizati_20260922_201321,success,2000,177.40064120292664,train_stats_exact,0.12527021765708923,2000,eval_history_exact,19.891321182250977,0.5801554918289185,0.5362257957458496,1319657,False,False,0.029104232788085938,-2.780139923095703,True,-0.02626568078994751,-0.164792001247406,False,-0.09508973360061646,-0.22717177867889404,False,False
pipeline_5df0ad97ef5a,DJI_202402171501_006_KTM20-oblique,model_compact-ridge_20260721_195042_ridge_without_intercept_regularization,time_control,dji_202402171501_006_ktm20_oblique_phase90_run1_regularizati_20260922_201321,success,3000,361.8486850261688,train_stats_exact,0.10121588408946991,3000,eval_history_exact,21.248443603515625,0.6704044938087463,0.41510245203971863,2321987,False,False,1.3862266540527344,-1.4230175018310547,True,0.06398332118988037,-0.07454299926757812,True,0.026033610105514526,-0.10604843497276306,True,True
pipeline_5df0ad97ef5a,DJI_202402171501_006_KTM20-oblique,model_compact-ridge_20260721_195042_ridge_without_intercept_regularization,time_control,dji_202402171501_006_ktm20_oblique_phase90_run1_regularizati_20260922_201321,success,4000,571.4580602645874,train_stats_exact,0.12516647577285767,4000,eval_history_exact,22.064964294433594,0.718412458896637,0.34595566987991333,3205590,False,False,2.202747344970703,-0.6064968109130859,True,0.111991286277771,-0.0265350341796875,True,0.09518039226531982,-0.036901652812957764,True,True
pipeline_5df0ad97ef5a,DJI_202402171501_006_KTM20-oblique,model_compact-ridge_20260721_195042_ridge_without_intercept_regularization,time_control,dji_202402171501_006_ktm20_oblique_phase90_run1_regularizati_20260922_201321,success,5000,778.0068354606628,train_stats_exact,0.07844465225934982,5000,eval_history_exact,22.67281723022461,0.7446959614753723,0.30922308564186096,3205590,False,False,2.8106002807617188,0.0013561248779296875,True,0.13827478885650635,-0.00025153160095214844,True,0.1319129765033722,-0.0001690685749053955,True,True
pipeline_5df0ad97ef5a,DJI_202402171501_006_KTM20-oblique,model_compact-ridge_20260721_195042_ridge_without_intercept_regularization,time_control,dji_202402171501_006_ktm20_oblique_phase90_run1_regularizati_20260922_201321,success,6000,998.3002092838287,train_stats_exact,0.10707496106624603,6000,eval_history_exact,22.989910125732422,0.7577898502349854,0.28874143958091736,3205590,False,False,3.1276931762695312,0.3184490203857422,True,0.15136867761611938,0.012842357158660889,True,0.1523946225643158,0.020312577486038208,True,True
pipeline_5df0ad97ef5a,DJI_202402171501_006_KTM20-oblique,model_compact-ridge_20260721_195042_ridge_without_intercept_regularization,time_control,dji_202402171501_006_ktm20_oblique_phase90_run1_regularizati_20260922_201321,success,7000,1213.8730492591858,train_stats_exact,0.07262883335351944,7000,eval_history_exact,23.118755340576172,0.7655338048934937,0.2771278917789459,3205590,False,False,3.2565383911132812,0.4472942352294922,True,0.15911263227462769,0.02058631181716919,True,0.16400817036628723,0.031926125288009644,True,True
pipeline_5df0ad97ef5a,DJI_202402171501_006_KTM20-oblique,model_compact-ridge_20260721_195042_ridge_without_intercept_regularization,time_control,dji_202402171501_006_ktm20_oblique_phase90_run1_regularizati_20260922_201321,success,8000,1424.8121292591095,train_stats_exact,0.08476822078227997,8000,eval_history_exact,23.326641082763672,0.7706536650657654,0.26832959055900574,3205590,False,False,3.4644241333007812,0.6551799774169922,True,0.16423249244689941,0.025706171989440918,True,0.17280647158622742,0.04072442650794983,True,True
pipeline_5df0ad97ef5a,DJI_202402171501_006_KTM20-oblique,model_compact-ridge_20260721_195042_ridge_without_intercept_regularization,time_control,dji_202402171501_006_ktm20_oblique_phase90_run1_regularizati_20260922_201321,success,8136,1471.563349723816,train_stats_exact,0.0590604767203331,8100,analytics_nearest_at_or_before,23.346439361572266,0.7714395523071289,0.26764070987701416,3205590,True,True,3.484222412109375,0.6749782562255859,True,0.16501837968826294,0.026492059230804443,True,0.173495352268219,0.041413307189941406,True,True
pipeline_5df0ad97ef5a,DJI_202402171501_006_KTM20-oblique,model_compact-ridge_20260721_195042_ridge_without_intercept_regularization,gaussian_control,dji_202402171501_006_ktm20_oblique_phase91_run1_regularizati_20260923_082348,partial,1000,52.325777769088745,train_stats_exact,0.1732199341058731,1000,eval_history_exact,18.285194396972656,0.46143755316734314,0.701286792755127,480556,False,False,-1.5770225524902344,-4.386266708374023,False,-0.14498361945152283,-0.2835099399089813,False,-0.2601507306098938,-0.3922327756881714,False,False
pipeline_5df0ad97ef5a,DJI_202402171501_006_KTM20-oblique,model_compact-ridge_20260721_195042_ridge_without_intercept_regularization,gaussian_control,dji_202402171501_006_ktm20_oblique_phase91_run1_regularizati_20260923_082348,partial,2000,163.0862205028534,train_stats_exact,0.12507061660289764,2000,eval_history_exact,19.904033660888672,0.5801404714584351,0.5364338755607605,1321770,False,False,0.04181671142578125,-2.767427444458008,True,-0.026280701160430908,-0.1648070216178894,False,-0.09529781341552734,-0.22737985849380493,False,False
pipeline_5df0ad97ef5a,DJI_202402171501_006_KTM20-oblique,model_compact-ridge_20260721_195042_ridge_without_intercept_regularization,gaussian_control,dji_202402171501_006_ktm20_oblique_phase91_run1_regularizati_20260923_082348,partial,3000,316.68217277526855,train_stats_exact,0.10188022255897522,3000,eval_history_exact,21.252365112304688,0.6704362630844116,0.4148065149784088,2324199,False,False,1.3901481628417969,-1.4190959930419922,True,0.06401509046554565,-0.07451122999191284,True,0.02632954716682434,-0.10575249791145325,True,True
pipeline_5df0ad97ef5a,DJI_202402171501_006_KTM20-oblique,model_compact-ridge_20260721_195042_ridge_without_intercept_regularization,gaussian_control,dji_202402171501_006_ktm20_oblique_phase91_run1_regularizati_20260923_082348,partial,4000,534.0710983276367,train_stats_exact,0.12482507526874542,4000,eval_history_exact,22.05870819091797,0.7183716893196106,0.3456730842590332,3204309,False,False,2.196491241455078,-0.6127529144287109,True,0.11195051670074463,-0.026575803756713867,True,0.09546297788619995,-0.03661906719207764,True,True
pipeline_5df0ad97ef5a,DJI_202402171501_006_KTM20-oblique,model_compact-ridge_20260721_195042_ridge_without_intercept_regularization,gaussian_control,dji_202402171501_006_ktm20_oblique_phase91_run1_regularizati_20260923_082348,partial,5000,784.8414087295532,train_stats_exact,0.07870350778102875,5000,eval_history_exact,22.442293167114258,0.7425281405448914,0.3082132637500763,3874354,False,False,2.580076217651367,-0.22916793823242188,True,0.1361069679260254,-0.0024193525314331055,True,0.13292279839515686,0.0008407533168792725,True,True
pipeline_5df0ad97ef5a,DJI_202402171501_006_KTM20-oblique,model_compact-ridge_20260721_195042_ridge_without_intercept_regularization,gaussian_control,dji_202402171501_006_ktm20_oblique_phase91_run1_regularizati_20260923_082348,partial,6000,1146.4087212085724,train_stats_exact,0.10619989782571793,6000,eval_history_exact,22.859209060668945,0.758500874042511,0.28426533937454224,4383158,False,False,2.9969921112060547,0.18774795532226562,True,0.15207970142364502,0.013553380966186523,True,0.15687072277069092,0.02478867769241333,True,True
pipeline_5df0ad97ef5a,DJI_202402171501_006_KTM20-oblique,model_compact-ridge_20260721_195042_ridge_without_intercept_regularization,gaussian_control,dji_202402171501_006_ktm20_oblique_phase91_run1_regularizati_20260923_082348,partial,7000,1938.4442100524902,train_stats_exact,0.07254614681005478,7000,eval_history_exact,23.07318115234375,0.7679787278175354,0.26987847685813904,4798607,False,False,3.2109642028808594,0.4017200469970703,True,0.16155755519866943,0.023031234741210938,True,0.17125758528709412,0.03917554020881653,True,True
pipeline_5df0ad97ef5a,DJI_202402171501_006_KTM20-oblique,model_compact-ridge_20260721_195042_ridge_without_intercept_regularization,gaussian_control,dji_202402171501_006_ktm20_oblique_phase91_run1_regularizati_20260923_082348,partial,8000,2950.1867184638977,train_stats_exact,0.08272787928581238,8000,eval_history_exact,23.31825828552246,0.7745159268379211,0.2590479552745819,5136654,False,False,3.4560413360595703,0.6467971801757812,True,0.16809475421905518,0.02956843376159668,True,0.18208810687065125,0.05000606179237366,True,True
pipeline_5df0ad97ef5a,DJI_202402171501_006_KTM20-oblique,model_compact-ridge_20260721_195042_ridge_without_intercept_regularization,gaussian_control,dji_202402171501_006_ktm20_oblique_phase91_run1_regularizati_20260923_082348,partial,9000,4474.616096735001,train_stats_exact,0.0678415447473526,9000,eval_history_exact,23.38918113708496,0.7786166667938232,0.2514752149581909,5445427,False,False,3.5269641876220703,0.7177200317382812,True,0.17219549417495728,0.03366917371749878,True,0.18966084718704224,0.05757880210876465,True,True
pipeline_5df0ad97ef5a,DJI_202402171501_006_KTM20-oblique,model_compact-ridge_20260721_195042_ridge_without_intercept_regularization,gaussian_control,dji_202402171501_006_ktm20_oblique_phase91_run1_regularizati_20260923_082348,partial,10000,5892.037744045258,train_stats_exact,0.08140616118907928,10000,eval_history_exact,23.48848533630371,0.7829562425613403,0.24541524052619934,5710588,False,True,3.6262683868408203,0.8170242309570312,True,0.17653506994247437,0.03800874948501587,True,0.1957208216190338,0.06363877654075623,True,True
pipeline_5df0ad97ef5a,Kninice_Church_of_the_Exaltation_of_the_Holy_Cross,model_compact-ridge_20260721_195042_ridge_without_intercept_regularization,baseline,kninice_church_of_the_exaltation_of_the_holy_cross_phase1_run1_20260710_201608,success,1000,35.68836688995361,train_stats_exact,0.10359614342451096,1000,eval_history_exact,18.40526008605957,0.6042734384536743,0.6474125981330872,39173,False,False,-2.803943634033203,-2.537700653076172,,-0.10271507501602173,-0.07826769351959229,,-0.25099053978919983,-0.19386133551597595,,
pipeline_5df0ad97ef5a,Kninice_Church_of_the_Exaltation_of_the_Holy_Cross,model_compact-ridge_20260721_195042_ridge_without_intercept_regularization,baseline,kninice_church_of_the_exaltation_of_the_holy_cross_phase1_run1_20260710_201608,success,2000,83.77302813529968,train_stats_exact,0.12223377823829651,2000,eval_history_exact,19.675765991210938,0.6455737352371216,0.5345117449760437,129900,False,False,-1.533437728881836,-1.2671947479248047,,-0.06141477823257446,-0.03696739673614502,,-0.13808968663215637,-0.0809604823589325,,
pipeline_5df0ad97ef5a,Kninice_Church_of_the_Exaltation_of_the_Holy_Cross,model_compact-ridge_20260721_195042_ridge_without_intercept_regularization,baseline,kninice_church_of_the_exaltation_of_the_holy_cross_phase1_run1_20260710_201608,success,3000,137.36184000968933,train_stats_exact,0.11659431457519531,3000,eval_history_exact,20.4497127532959,0.6657044291496277,0.4885411262512207,218797,False,False,-0.759490966796875,-0.49324798583984375,,-0.04128408432006836,-0.016836702823638916,,-0.09211906790733337,-0.0349898636341095,,
pipeline_5df0ad97ef5a,Kninice_Church_of_the_Exaltation_of_the_Holy_Cross,model_compact-ridge_20260721_195042_ridge_without_intercept_regularization,baseline,kninice_church_of_the_exaltation_of_the_holy_cross_phase1_run1_20260710_201608,success,4000,190.89147520065308,train_stats_exact,0.10811927914619446,4000,eval_history_exact,20.53323745727539,0.6739977598190308,0.4714433252811432,295517,False,False,-0.6759662628173828,-0.40972328186035156,,-0.03299075365066528,-0.00854337215423584,,-0.07502126693725586,-0.017892062664031982,,
pipeline_5df0ad97ef5a,Kninice_Church_of_the_Exaltation_of_the_Holy_Cross,model_compact-ridge_20260721_195042_ridge_without_intercept_regularization,baseline,kninice_church_of_the_exaltation_of_the_holy_cross_phase1_run1_20260710_201608,success,5000,249.9809126853943,train_stats_exact,0.09116455912590027,5000,eval_history_exact,20.942960739135742,0.6825411319732666,0.4535512626171112,295517,True,True,-0.26624298095703125,0.0,,-0.024447381496429443,0.0,,-0.05712920427322388,0.0,,
pipeline_5df0ad97ef5a,Kninice_Church_of_the_Exaltation_of_the_Holy_Cross,model_compact-ridge_20260721_195042_ridge_without_intercept_regularization,model_selected,kninice_church_of_the_exaltation_of_the_holy_cross_phase2_run1_regularizati_20260721_232131,success,1000,35.07996940612793,train_stats_exact,0.12108743190765381,1000,eval_history_exact,18.47774314880371,0.6071521639823914,0.6245073676109314,54691,False,False,-2.7314605712890625,-2.4652175903320312,,-0.09983634948730469,-0.07538896799087524,,-0.22808530926704407,-0.1709561049938202,,
pipeline_5df0ad97ef5a,Kninice_Church_of_the_Exaltation_of_the_Holy_Cross,model_compact-ridge_20260721_195042_ridge_without_intercept_regularization,model_selected,kninice_church_of_the_exaltation_of_the_holy_cross_phase2_run1_regularizati_20260721_232131,success,2000,86.91552829742432,train_stats_exact,0.13336773216724396,2000,eval_history_exact,19.756088256835938,0.6560853123664856,0.5029016733169556,263066,False,False,-1.453115463256836,-1.1868724822998047,,-0.05090320110321045,-0.026455819606781006,,-0.10647961497306824,-0.04935041069984436,,
pipeline_5df0ad97ef5a,Kninice_Church_of_the_Exaltation_of_the_Holy_Cross,model_compact-ridge_20260721_195042_ridge_without_intercept_regularization,model_selected,kninice_church_of_the_exaltation_of_the_holy_cross_phase2_run1_regularizati_20260721_232131,success,3000,155.18214917182922,train_stats_exact,0.11639094352722168,3000,eval_history_exact,20.473051071166992,0.6820249557495117,0.4465145766735077,507881,False,False,-0.7361526489257812,-0.46990966796875,,-0.024963557720184326,-0.0005161762237548828,,-0.05009251832962036,0.007036685943603516,,
pipeline_5df0ad97ef5a,Kninice_Church_of_the_Exaltation_of_the_Holy_Cross,model_compact-ridge_20260721_195042_ridge_without_intercept_regularization,model_selected,kninice_church_of_the_exaltation_of_the_holy_cross_phase2_run1_regularizati_20260721_232131,success,4000,237.45380806922913,train_stats_exact,0.09711741656064987,4000,eval_history_exact,20.671300888061523,0.6959562301635742,0.421110063791275,718806,False,False,-0.53790283203125,-0.27165985107421875,,-0.011032283306121826,0.013415098190307617,,-0.024688005447387695,0.03244119882583618,,
pipeline_5df0ad97ef5a,Kninice_Church_of_the_Exaltation_of_the_Holy_Cross,model_compact-ridge_20260721_195042_ridge_without_intercept_regularization,model_selected,kninice_church_of_the_exaltation_of_the_holy_cross_phase2_run1_regularizati_20260721_232131,success,5000,323.7726454734802,train_stats_exact,0.08131466060876846,5000,eval_history_exact,21.209203720092773,0.706988513469696,0.39642205834388733,718806,True,True,0.0,0.26624298095703125,,0.0,0.024447381496429443,,0.0,0.05712920427322388,,
pipeline_5df0ad97ef5a,Kninice_Church_of_the_Exaltation_of_the_Holy_Cross,model_compact-ridge_20260721_195042_ridge_without_intercept_regularization,time_control,kninice_church_of_the_exaltation_of_the_holy_cross_phase90_run1_regularizati_20260922_204310,success,1000,35.5117290019989,train_stats_exact,0.1040911078453064,1000,eval_history_exact,18.474414825439453,0.605199933052063,0.6459051966667175,39594,False,False,-2.7347888946533203,-2.468545913696289,False,-0.10178858041763306,-0.07734119892120361,False,-0.2494831383228302,-0.19235393404960632,False,False
pipeline_5df0ad97ef5a,Kninice_Church_of_the_Exaltation_of_the_Holy_Cross,model_compact-ridge_20260721_195042_ridge_without_intercept_regularization,time_control,kninice_church_of_the_exaltation_of_the_holy_cross_phase90_run1_regularizati_20260922_204310,success,2000,83.20120143890381,train_stats_exact,0.11308889091014862,2000,eval_history_exact,19.574628829956055,0.6450390815734863,0.5343176126480103,131819,False,False,-1.6345748901367188,-1.3683319091796875,False,-0.06194943189620972,-0.03750205039978027,False,-0.13789555430412292,-0.08076635003089905,False,False
pipeline_5df0ad97ef5a,Kninice_Church_of_the_Exaltation_of_the_Holy_Cross,model_compact-ridge_20260721_195042_ridge_without_intercept_regularization,time_control,kninice_church_of_the_exaltation_of_the_holy_cross_phase90_run1_regularizati_20260922_204310,success,3000,136.57211136817932,train_stats_exact,0.11728568375110626,3000,eval_history_exact,20.220291137695312,0.6654473543167114,0.4887119233608246,222378,False,False,-0.9889125823974609,-0.7226696014404297,False,-0.04154115915298462,-0.017093777656555176,False,-0.09228986501693726,-0.03516066074371338,False,False
pipeline_5df0ad97ef5a,Kninice_Church_of_the_Exaltation_of_the_Holy_Cross,model_compact-ridge_20260721_195042_ridge_without_intercept_regularization,time_control,kninice_church_of_the_exaltation_of_the_holy_cross_phase90_run1_regularizati_20260922_204310,success,4000,192.28957772254944,train_stats_exact,0.10674530267715454,4000,eval_history_exact,20.475229263305664,0.6729629039764404,0.47127580642700195,299322,False,False,-0.7339744567871094,-0.4677314758300781,False,-0.034025609493255615,-0.009578227996826172,False,-0.07485374808311462,-0.017724543809890747,False,False
pipeline_5df0ad97ef5a,Kninice_Church_of_the_Exaltation_of_the_Holy_Cross,model_compact-ridge_20260721_195042_ridge_without_intercept_regularization,time_control,kninice_church_of_the_exaltation_of_the_holy_cross_phase90_run1_regularizati_20260922_204310,success,5000,248.4905228614807,train_stats_exact,0.09205068647861481,5000,eval_history_exact,20.975854873657227,0.6824561357498169,0.4513551890850067,299322,False,False,-0.23334884643554688,0.032894134521484375,False,-0.02453237771987915,-8.499622344970703e-05,False,-0.054933130741119385,0.002196073532104492,False,False
pipeline_5df0ad97ef5a,Kninice_Church_of_the_Exaltation_of_the_Holy_Cross,model_compact-ridge_20260721_195042_ridge_without_intercept_regularization,time_control,kninice_church_of_the_exaltation_of_the_holy_cross_phase90_run1_regularizati_20260922_204310,success,6000,304.2440915107727,train_stats_exact,0.11359396576881409,6000,eval_history_exact,21.281103134155273,0.6860420107841492,0.44281482696533203,299322,False,False,0.0718994140625,0.33814239501953125,True,-0.020946502685546875,0.0035008788108825684,False,-0.0463927686214447,0.010736435651779175,False,False
pipeline_5df0ad97ef5a,Kninice_Church_of_the_Exaltation_of_the_Holy_Cross,model_compact-ridge_20260721_195042_ridge_without_intercept_regularization,time_control,kninice_church_of_the_exaltation_of_the_holy_cross_phase90_run1_regularizati_20260922_204310,success,6210,323.7817075252533,train_stats_exact,0.08433019369840622,6200,analytics_nearest_at_or_before,21.22958755493164,0.6862246990203857,0.44083595275878906,299322,True,True,0.020383834838867188,0.28662681579589844,True,-0.020763814449310303,0.0036835670471191406,False,-0.04441389441490173,0.012715309858322144,False,False
pipeline_5df0ad97ef5a,Kninice_Church_of_the_Exaltation_of_the_Holy_Cross,model_compact-ridge_20260721_195042_ridge_without_intercept_regularization,gaussian_control,kninice_church_of_the_exaltation_of_the_holy_cross_phase91_run1_regularizati_20260923_042908,success,1000,35.17633295059204,train_stats_exact,0.10147953033447266,1000,eval_history_exact,18.446332931518555,0.6040325164794922,0.6470429301261902,39085,False,False,-2.7628707885742188,-2.4966278076171875,False,-0.10295599699020386,-0.07850861549377441,False,-0.25062087178230286,-0.19349166750907898,False,False
pipeline_5df0ad97ef5a,Kninice_Church_of_the_Exaltation_of_the_Holy_Cross,model_compact-ridge_20260721_195042_ridge_without_intercept_regularization,gaussian_control,kninice_church_of_the_exaltation_of_the_holy_cross_phase91_run1_regularizati_20260923_042908,success,2000,82.94666409492493,train_stats_exact,0.1231248676776886,2000,eval_history_exact,19.842283248901367,0.6459986567497253,0.5341576933860779,129848,False,False,-1.3669204711914062,-1.100677490234375,False,-0.0609898567199707,-0.03654247522354126,False,-0.13773563504219055,-0.08060643076896667,False,False
pipeline_5df0ad97ef5a,Kninice_Church_of_the_Exaltation_of_the_Holy_Cross,model_compact-ridge_20260721_195042_ridge_without_intercept_regularization,gaussian_control,kninice_church_of_the_exaltation_of_the_holy_cross_phase91_run1_regularizati_20260923_042908,success,3000,136.8758885860443,train_stats_exact,0.11940544843673706,3000,eval_history_exact,20.443334579467773,0.6661044955253601,0.4886772334575653,218857,False,False,-0.765869140625,-0.49962615966796875,False,-0.04088401794433594,-0.016436636447906494,False,-0.09225517511367798,-0.0351259708404541,False,False
pipeline_5df0ad97ef5a,Kninice_Church_of_the_Exaltation_of_the_Holy_Cross,model_compact-ridge_20260721_195042_ridge_without_intercept_regularization,gaussian_control,kninice_church_of_the_exaltation_of_the_holy_cross_phase91_run1_regularizati_20260923_042908,success,4000,194.87394952774048,train_stats_exact,0.10866928100585938,4000,eval_history_exact,20.554901123046875,0.6735234260559082,0.4709949493408203,295790,False,False,-0.6543025970458984,-0.3880596160888672,False,-0.03346508741378784,-0.009017705917358398,False,-0.07457289099693298,-0.017443686723709106,False,False
pipeline_5df0ad97ef5a,Kninice_Church_of_the_Exaltation_of_the_Holy_Cross,model_compact-ridge_20260721_195042_ridge_without_intercept_regularization,gaussian_control,kninice_church_of_the_exaltation_of_the_holy_cross_phase91_run1_regularizati_20260923_042908,success,5000,251.53711009025574,train_stats_exact,0.09231822192668915,5000,eval_history_exact,20.770536422729492,0.6807350516319275,0.4512506425380707,360408,False,False,-0.43866729736328125,-0.17242431640625,False,-0.026253461837768555,-0.0018060803413391113,False,-0.05482858419418335,0.0023006200790405273,False,False
pipeline_5df0ad97ef5a,Kninice_Church_of_the_Exaltation_of_the_Holy_Cross,model_compact-ridge_20260721_195042_ridge_without_intercept_regularization,gaussian_control,kninice_church_of_the_exaltation_of_the_holy_cross_phase91_run1_regularizati_20260923_042908,success,6000,307.52682638168335,train_stats_exact,0.11688251793384552,6000,eval_history_exact,21.022512435913086,0.6851966381072998,0.43925905227661133,411264,False,False,-0.1866912841796875,0.07955169677734375,False,-0.02179187536239624,0.002655506134033203,False,-0.042836993932724,0.014292210340499878,False,False
pipeline_5df0ad97ef5a,Kninice_Church_of_the_Exaltation_of_the_Holy_Cross,model_compact-ridge_20260721_195042_ridge_without_intercept_regularization,gaussian_control,kninice_church_of_the_exaltation_of_the_holy_cross_phase91_run1_regularizati_20260923_042908,success,7000,366.98257398605347,train_stats_exact,0.05633918195962906,7000,eval_history_exact,21.200651168823242,0.6887632012367249,0.43148547410964966,453268,False,False,-0.00855255126953125,0.2576904296875,False,-0.01822531223297119,0.006222069263458252,False,-0.03506341576576233,0.022065788507461548,False,False
pipeline_5df0ad97ef5a,Kninice_Church_of_the_Exaltation_of_the_Holy_Cross,model_compact-ridge_20260721_195042_ridge_without_intercept_regularization,gaussian_control,kninice_church_of_the_exaltation_of_the_holy_cross_phase91_run1_regularizati_20260923_042908,success,8000,429.0681173801422,train_stats_exact,0.07749121636152267,8000,eval_history_exact,21.127527236938477,0.6901432275772095,0.4256250560283661,487326,False,False,-0.08167648315429688,0.18456649780273438,False,-0.016845285892486572,0.007602095603942871,False,-0.02920299768447876,0.027926206588745117,False,False
pipeline_5df0ad97ef5a,Kninice_Church_of_the_Exaltation_of_the_Holy_Cross,model_compact-ridge_20260721_195042_ridge_without_intercept_regularization,gaussian_control,kninice_church_of_the_exaltation_of_the_holy_cross_phase91_run1_regularizati_20260923_042908,success,9000,506.2102711200714,train_stats_exact,0.08966229856014252,9000,eval_history_exact,21.396703720092773,0.6932429671287537,0.4199472963809967,520365,False,False,0.1875,0.45374298095703125,True,-0.013745546340942383,0.01070183515548706,False,-0.023525238037109375,0.0336039662361145,False,False
pipeline_5df0ad97ef5a,Kninice_Church_of_the_Exaltation_of_the_Holy_Cross,model_compact-ridge_20260721_195042_ridge_without_intercept_regularization,gaussian_control,kninice_church_of_the_exaltation_of_the_holy_cross_phase91_run1_regularizati_20260923_042908,success,10000,573.268394947052,train_stats_exact,0.05147923156619072,10000,eval_history_exact,21.439056396484375,0.6945583820343018,0.4156428277492523,549335,False,False,0.22985267639160156,0.4960956573486328,True,-0.012430131435394287,0.012017250061035156,False,-0.01922076940536499,0.03790843486785889,False,False
pipeline_5df0ad97ef5a,Kninice_Church_of_the_Exaltation_of_the_Holy_Cross,model_compact-ridge_20260721_195042_ridge_without_intercept_regularization,gaussian_control,kninice_church_of_the_exaltation_of_the_holy_cross_phase91_run1_regularizati_20260923_042908,success,11000,642.4713754653931,train_stats_exact,0.1015457957983017,11000,eval_history_exact,21.362873077392578,0.6961625218391418,0.4118952751159668,573245,False,False,0.1536693572998047,0.41991233825683594,True,-0.0108259916305542,0.013621389865875244,False,-0.015473216772079468,0.04165598750114441,False,False
pipeline_5df0ad97ef5a,Kninice_Church_of_the_Exaltation_of_the_Holy_Cross,model_compact-ridge_20260721_195042_ridge_without_intercept_regularization,gaussian_control,kninice_church_of_the_exaltation_of_the_holy_cross_phase91_run1_regularizati_20260923_042908,success,12000,714.399117231369,train_stats_exact,0.0736982673406601,12000,eval_history_exact,21.608606338500977,0.6989044547080994,0.4077758491039276,596290,False,False,0.3994026184082031,0.6656455993652344,True,-0.00808405876159668,0.016363322734832764,False,-0.011353790760040283,0.045775413513183594,False,False
pipeline_5df0ad97ef5a,Kninice_Church_of_the_Exaltation_of_the_Holy_Cross,model_compact-ridge_20260721_195042_ridge_without_intercept_regularization,gaussian_control,kninice_church_of_the_exaltation_of_the_holy_cross_phase91_run1_regularizati_20260923_042908,success,13000,797.8104155063629,train_stats_exact,0.05434836447238922,13000,eval_history_exact,21.522878646850586,0.6981897354125977,0.405635267496109,617755,False,False,0.3136749267578125,0.5799179077148438,True,-0.008798778057098389,0.015648603439331055,False,-0.00921320915222168,0.0479159951210022,False,False
pipeline_5df0ad97ef5a,Kninice_Church_of_the_Exaltation_of_the_Holy_Cross,model_compact-ridge_20260721_195042_ridge_without_intercept_regularization,gaussian_control,kninice_church_of_the_exaltation_of_the_holy_cross_phase91_run1_regularizati_20260923_042908,success,14000,884.4378161430359,train_stats_exact,0.11004914343357086,14000,eval_history_exact,21.61762046813965,0.7001680135726929,0.40269961953163147,639758,False,False,0.408416748046875,0.6746597290039062,True,-0.006820499897003174,0.01762688159942627,False,-0.006277561187744141,0.050851643085479736,False,False
pipeline_5df0ad97ef5a,Kninice_Church_of_the_Exaltation_of_the_Holy_Cross,model_compact-ridge_20260721_195042_ridge_without_intercept_regularization,gaussian_control,kninice_church_of_the_exaltation_of_the_holy_cross_phase91_run1_regularizati_20260923_042908,success,15000,950.6662187576294,train_stats_exact,0.05857143551111221,15000,eval_history_exact,21.55191421508789,0.7008396983146667,0.4007558822631836,657730,True,True,0.3427104949951172,0.6089534759521484,True,-0.006148815155029297,0.018298566341400146,False,-0.004333823919296265,0.05279538035392761,False,False
pipeline_5df0ad97ef5a,Pix4d_forensic,model_compact-ridge_20260721_195042_ridge_without_intercept_regularization,baseline,pix4d_forensic_phase1_run1_20260710_202542,success,1000,41.28825378417969,train_stats_exact,0.15282167494297028,1000,eval_history_exact,21.12633514404297,0.41119763255119324,0.8767032623291016,31277,False,False,-3.9092483520507812,-2.793224334716797,,-0.2611252963542938,-0.10987189412117004,,-0.4628279507160187,-0.2277311086654663,,
pipeline_5df0ad97ef5a,Pix4d_forensic,model_compact-ridge_20260721_195042_ridge_without_intercept_regularization,baseline,pix4d_forensic_phase1_run1_20260710_202542,success,2000,91.95339703559875,train_stats_exact,0.15254655480384827,2000,eval_history_exact,22.521989822387695,0.4524811804294586,0.7826422452926636,111307,False,False,-2.5135936737060547,-1.3975696563720703,,-0.21984174847602844,-0.06858834624290466,,-0.3687669336795807,-0.13367009162902832,,
pipeline_5df0ad97ef5a,Pix4d_forensic,model_compact-ridge_20260721_195042_ridge_without_intercept_regularization,baseline,pix4d_forensic_phase1_run1_20260710_202542,success,3000,148.74240732192993,train_stats_exact,0.14203041791915894,3000,eval_history_exact,23.275423049926758,0.48629283905029297,0.7147812247276306,243258,False,False,-1.7601604461669922,-0.6441364288330078,,-0.1860300898551941,-0.03477668762207031,,-0.30090591311454773,-0.06580907106399536,,
pipeline_5df0ad97ef5a,Pix4d_forensic,model_compact-ridge_20260721_195042_ridge_without_intercept_regularization,baseline,pix4d_forensic_phase1_run1_20260710_202542,success,4000,211.85744071006775,train_stats_exact,0.12244144082069397,4000,eval_history_exact,23.617868423461914,0.5081916451454163,0.6733760833740234,377794,False,False,-1.417715072631836,-0.30169105529785156,,-0.1641312837600708,-0.012877881526947021,,-0.25950077176094055,-0.024403929710388184,,
pipeline_5df0ad97ef5a,Pix4d_forensic,model_compact-ridge_20260721_195042_ridge_without_intercept_regularization,baseline,pix4d_forensic_phase1_run1_20260710_202542,success,5000,283.13284707069397,train_stats_exact,0.12750965356826782,5000,eval_history_exact,23.919559478759766,0.5210695266723633,0.6489721536636353,377794,True,True,-1.1160240173339844,0.0,,-0.15125340223312378,0.0,,-0.23509684205055237,0.0,,
pipeline_5df0ad97ef5a,Pix4d_forensic,model_compact-ridge_20260721_195042_ridge_without_intercept_regularization,model_selected,pix4d_forensic_phase2_run1_regularizati_20260721_234140,success,1000,40.03174042701721,train_stats_exact,0.21637313067913055,1000,eval_history_exact,21.3571834564209,0.41743189096450806,0.853649377822876,47122,False,False,-3.6784000396728516,-2.562376022338867,,-0.254891037940979,-0.10363763570785522,,-0.4397740662097931,-0.20467722415924072,,
pipeline_5df0ad97ef5a,Pix4d_forensic,model_compact-ridge_20260721_195042_ridge_without_intercept_regularization,model_selected,pix4d_forensic_phase2_run1_regularizati_20260721_234140,success,2000,96.88085389137268,train_stats_exact,0.2141646295785904,2000,eval_history_exact,22.91690444946289,0.4844517111778259,0.719815194606781,322334,False,False,-2.1186790466308594,-1.002655029296875,,-0.18787121772766113,-0.036617815494537354,,-0.3059398829936981,-0.07084304094314575,,
pipeline_5df0ad97ef5a,Pix4d_forensic,model_compact-ridge_20260721_195042_ridge_without_intercept_regularization,model_selected,pix4d_forensic_phase2_run1_regularizati_20260721_234140,success,3000,185.3503897190094,train_stats_exact,0.1580296754837036,3000,eval_history_exact,23.98300552368164,0.5811800360679626,0.5646284818649292,1182226,False,False,-1.0525779724121094,0.063446044921875,,-0.09114289283752441,0.060110509395599365,,-0.1507531702518463,0.08434367179870605,,
pipeline_5df0ad97ef5a,Pix4d_forensic,model_compact-ridge_20260721_195042_ridge_without_intercept_regularization,model_selected,pix4d_forensic_phase2_run1_regularizati_20260721_234140,success,4000,343.2015166282654,train_stats_exact,0.09668676555156708,4000,eval_history_exact,24.55291748046875,0.6472676396369934,0.45878860354423523,2369708,False,False,-0.482666015625,0.6333580017089844,,-0.025055289268493652,0.12619811296463013,,-0.044913291931152344,0.19018355011940002,,
pipeline_5df0ad97ef5a,Pix4d_forensic,model_compact-ridge_20260721_195042_ridge_without_intercept_regularization,model_selected,pix4d_forensic_phase2_run1_regularizati_20260721_234140,success,5000,534.1734449863434,train_stats_exact,0.10213068127632141,5000,eval_history_exact,25.03558349609375,0.6723229289054871,0.4138753116130829,2369708,True,True,0.0,1.1160240173339844,,0.0,0.15125340223312378,,0.0,0.23509684205055237,,
pipeline_5df0ad97ef5a,Pix4d_forensic,model_compact-ridge_20260721_195042_ridge_without_intercept_regularization,time_control,pix4d_forensic_phase90_run1_regularizati_20260922_205311,success,1000,39.76594424247742,train_stats_exact,0.15276683866977692,1000,eval_history_exact,21.210195541381836,0.411234974861145,0.8754389882087708,31399,False,False,-3.825387954711914,-2.7093639373779297,False,-0.26108795404434204,-0.10983455181121826,False,-0.46156367659568787,-0.2264668345451355,False,False
pipeline_5df0ad97ef5a,Pix4d_forensic,model_compact-ridge_20260721_195042_ridge_without_intercept_regularization,time_control,pix4d_forensic_phase90_run1_regularizati_20260922_205311,success,2000,90.38951826095581,train_stats_exact,0.15380069613456726,2000,eval_history_exact,22.673311233520508,0.45294564962387085,0.7789265513420105,114034,False,False,-2.362272262573242,-1.2462482452392578,False,-0.2193772792816162,-0.06812387704849243,False,-0.3650512397289276,-0.12995439767837524,False,False
pipeline_5df0ad97ef5a,Pix4d_forensic,model_compact-ridge_20260721_195042_ridge_without_intercept_regularization,time_control,pix4d_forensic_phase90_run1_regularizati_20260922_205311,success,3000,148.88802003860474,train_stats_exact,0.14008015394210815,3000,eval_history_exact,23.456281661987305,0.48783132433891296,0.7112805247306824,248632,False,False,-1.5793018341064453,-0.46327781677246094,False,-0.1844916045665741,-0.03323820233345032,False,-0.2974052131175995,-0.06230837106704712,False,False
pipeline_5df0ad97ef5a,Pix4d_forensic,model_compact-ridge_20260721_195042_ridge_without_intercept_regularization,time_control,pix4d_forensic_phase90_run1_regularizati_20260922_205311,success,4000,213.7846622467041,train_stats_exact,0.12173684686422348,4000,eval_history_exact,23.82944679260254,0.5110414624214172,0.6691129803657532,384547,False,False,-1.206136703491211,-0.09011268615722656,False,-0.16128146648406982,-0.010028064250946045,False,-0.2552376687526703,-0.02014082670211792,False,False
pipeline_5df0ad97ef5a,Pix4d_forensic,model_compact-ridge_20260721_195042_ridge_without_intercept_regularization,time_control,pix4d_forensic_phase90_run1_regularizati_20260922_205311,success,5000,284.4465124607086,train_stats_exact,0.12653756141662598,5000,eval_history_exact,24.07996940612793,0.5234474539756775,0.6454930901527405,384547,False,False,-0.9556140899658203,0.16040992736816406,False,-0.14887547492980957,0.002377927303314209,False,-0.2316177785396576,0.0034790635108947754,False,False
pipeline_5df0ad97ef5a,Pix4d_forensic,model_compact-ridge_20260721_195042_ridge_without_intercept_regularization,time_control,pix4d_forensic_phase90_run1_regularizati_20260922_205311,success,6000,355.2376456260681,train_stats_exact,0.11457807570695877,6000,eval_history_exact,24.197046279907227,0.5292719006538391,0.6336287260055542,384547,False,False,-0.8385372161865234,0.27748680114746094,False,-0.14305102825164795,0.00820237398147583,False,-0.2197534143924713,0.015343427658081055,False,False
pipeline_5df0ad97ef5a,Pix4d_forensic,model_compact-ridge_20260721_195042_ridge_without_intercept_regularization,time_control,pix4d_forensic_phase90_run1_regularizati_20260922_205311,success,7000,420.130410194397,train_stats_exact,0.13899418711662292,7000,eval_history_exact,24.248334884643555,0.5324562191963196,0.6259662508964539,384547,False,False,-0.7872486114501953,0.32877540588378906,False,-0.13986670970916748,0.011386692523956299,False,-0.21209093928337097,0.023005902767181396,False,False
pipeline_5df0ad97ef5a,Pix4d_forensic,model_compact-ridge_20260721_195042_ridge_without_intercept_regularization,time_control,pix4d_forensic_phase90_run1_regularizati_20260922_205311,success,8000,485.6391122341156,train_stats_exact,0.13613471388816833,8000,eval_history_exact,24.28284454345703,0.5343784093856812,0.6211564540863037,384547,False,False,-0.7527389526367188,0.3632850646972656,False,-0.1379445195198059,0.013308882713317871,False,-0.20728114247322083,0.027815699577331543,False,False
pipeline_5df0ad97ef5a,Pix4d_forensic,model_compact-ridge_20260721_195042_ridge_without_intercept_regularization,time_control,pix4d_forensic_phase90_run1_regularizati_20260922_205311,success,8742,534.1949095726013,train_stats_exact,0.11566363275051117,8700,analytics_nearest_at_or_before,24.35211944580078,0.5357726216316223,0.61845463514328,384547,True,True,-0.6834640502929688,0.4325599670410156,False,-0.13655030727386475,0.014703094959259033,False,-0.20457932353019714,0.030517518520355225,False,False
pipeline_5df0ad97ef5a,Pix4d_forensic,model_compact-ridge_20260721_195042_ridge_without_intercept_regularization,gaussian_control,pix4d_forensic_phase91_run1_regularizati_20260923_044943,success,1000,39.517860412597656,train_stats_exact,0.1533161848783493,1000,eval_history_exact,21.076833724975586,0.410092830657959,0.8773362636566162,30840,False,False,-3.958749771118164,-2.8427257537841797,False,-0.2622300982475281,-0.1109766960144043,False,-0.4634609520435333,-0.22836410999298096,False,False
pipeline_5df0ad97ef5a,Pix4d_forensic,model_compact-ridge_20260721_195042_ridge_without_intercept_regularization,gaussian_control,pix4d_forensic_phase91_run1_regularizati_20260923_044943,success,2000,90.23495292663574,train_stats_exact,0.1529988944530487,2000,eval_history_exact,22.56968116760254,0.4515359699726105,0.780599057674408,110316,False,False,-2.465902328491211,-1.3498783111572266,False,-0.2207869589328766,-0.06953355669975281,False,-0.3667237460613251,-0.1316269040107727,False,False
pipeline_5df0ad97ef5a,Pix4d_forensic,model_compact-ridge_20260721_195042_ridge_without_intercept_regularization,gaussian_control,pix4d_forensic_phase91_run1_regularizati_20260923_044943,success,3000,150.34884762763977,train_stats_exact,0.14016011357307434,3000,eval_history_exact,23.271434783935547,0.4851459860801697,0.7148356437683105,240496,False,False,-1.7641487121582031,-0.6481246948242188,False,-0.18717694282531738,-0.035923540592193604,False,-0.30096033215522766,-0.06586349010467529,False,False
pipeline_5df0ad97ef5a,Pix4d_forensic,model_compact-ridge_20260721_195042_ridge_without_intercept_regularization,gaussian_control,pix4d_forensic_phase91_run1_regularizati_20260923_044943,success,4000,213.30628418922424,train_stats_exact,0.12167945504188538,4000,eval_history_exact,23.17847442626953,0.5059985518455505,0.6750476956367493,370050,False,False,-1.8571090698242188,-0.7410850524902344,False,-0.16632437705993652,-0.015070974826812744,False,-0.2611723840236664,-0.026075541973114014,False,False
pipeline_5df0ad97ef5a,Pix4d_forensic,model_compact-ridge_20260721_195042_ridge_without_intercept_regularization,gaussian_control,pix4d_forensic_phase91_run1_regularizati_20260923_044943,success,5000,291.315233707428,train_stats_exact,0.12735669314861298,5000,eval_history_exact,23.75636100769043,0.5230215787887573,0.6435320377349854,474210,False,False,-1.2792224884033203,-0.16319847106933594,False,-0.14930135011672974,0.001952052116394043,False,-0.22965672612190247,0.005440115928649902,False,False
pipeline_5df0ad97ef5a,Pix4d_forensic,model_compact-ridge_20260721_195042_ridge_without_intercept_regularization,gaussian_control,pix4d_forensic_phase91_run1_regularizati_20260923_044943,success,6000,374.98092460632324,train_stats_exact,0.11366847902536392,6000,eval_history_exact,24.16012191772461,0.5340173840522766,0.6231281757354736,563493,False,False,-0.8754615783691406,0.24056243896484375,False,-0.13830554485321045,0.01294785737991333,False,-0.20925286412239075,0.02584397792816162,False,False
pipeline_5df0ad97ef5a,Pix4d_forensic,model_compact-ridge_20260721_195042_ridge_without_intercept_regularization,gaussian_control,pix4d_forensic_phase91_run1_regularizati_20260923_044943,success,7000,453.4119248390198,train_stats_exact,0.13645285367965698,7000,eval_history_exact,24.264253616333008,0.5417330861091614,0.6060311198234558,646951,False,False,-0.7713298797607422,0.3446941375732422,False,-0.13058984279632568,0.020663559436798096,False,-0.19215580821037292,0.04294103384017944,False,False
pipeline_5df0ad97ef5a,Pix4d_forensic,model_compact-ridge_20260721_195042_ridge_without_intercept_regularization,gaussian_control,pix4d_forensic_phase91_run1_regularizati_20260923_044943,success,8000,551.6079633235931,train_stats_exact,0.13256706297397614,8000,eval_history_exact,24.320146560668945,0.5480564832687378,0.5916895866394043,727354,False,False,-0.7154369354248047,0.4005870819091797,False,-0.12426644563674927,0.02698695659637451,False,-0.1778142750263214,0.05728256702423096,False,False
pipeline_5df0ad97ef5a,Pix4d_forensic,model_compact-ridge_20260721_195042_ridge_without_intercept_regularization,gaussian_control,pix4d_forensic_phase91_run1_regularizati_20260923_044943,success,9000,638.0185465812683,train_stats_exact,0.12333518266677856,9000,eval_history_exact,24.41472816467285,0.5533732175827026,0.5800556540489197,812187,False,False,-0.6208553314208984,0.49516868591308594,False,-0.11894971132278442,0.032303690910339355,False,-0.1661803424358368,0.06891649961471558,False,False
pipeline_5df0ad97ef5a,Pix4d_forensic,model_compact-ridge_20260721_195042_ridge_without_intercept_regularization,gaussian_control,pix4d_forensic_phase91_run1_regularizati_20260923_044943,success,10000,720.0487859249115,train_stats_exact,0.10774564743041992,10000,eval_history_exact,24.43440818786621,0.5582277774810791,0.5703776478767395,901872,False,False,-0.6011753082275391,0.5148487091064453,False,-0.11409515142440796,0.03715825080871582,False,-0.15650233626365662,0.07859450578689575,False,False
pipeline_5df0ad97ef5a,Pix4d_forensic,model_compact-ridge_20260721_195042_ridge_without_intercept_regularization,gaussian_control,pix4d_forensic_phase91_run1_regularizati_20260923_044943,success,11000,826.5729966163635,train_stats_exact,0.08259053528308868,11000,eval_history_exact,24.42400360107422,0.5622057318687439,0.5623341202735901,995370,False,False,-0.6115798950195312,0.5044441223144531,False,-0.11011719703674316,0.041136205196380615,False,-0.1484588086605072,0.08663803339004517,False,False
pipeline_5df0ad97ef5a,Pix4d_forensic,model_compact-ridge_20260721_195042_ridge_without_intercept_regularization,gaussian_control,pix4d_forensic_phase91_run1_regularizati_20260923_044943,success,12000,945.29368019104,train_stats_exact,0.11030549556016922,12000,eval_history_exact,24.492822647094727,0.5657799243927002,0.5535537600517273,1094895,False,False,-0.5427608489990234,0.5732631683349609,False,-0.10654300451278687,0.044710397720336914,False,-0.1396784484386444,0.09541839361190796,False,False
pipeline_5df0ad97ef5a,Pix4d_forensic,model_compact-ridge_20260721_195042_ridge_without_intercept_regularization,gaussian_control,pix4d_forensic_phase91_run1_regularizati_20260923_044943,success,13000,1057.538419008255,train_stats_exact,0.08071418106555939,13000,eval_history_exact,24.518625259399414,0.5702136158943176,0.5452724695205688,1198282,False,False,-0.5169582366943359,0.5990657806396484,False,-0.10210931301116943,0.049144089221954346,False,-0.13139715790748596,0.1036996841430664,False,False
pipeline_5df0ad97ef5a,Pix4d_forensic,model_compact-ridge_20260721_195042_ridge_without_intercept_regularization,gaussian_control,pix4d_forensic_phase91_run1_regularizati_20260923_044943,success,14000,1172.0212571620941,train_stats_exact,0.12041805684566498,14000,eval_history_exact,24.57515525817871,0.5744609832763672,0.5368958711624146,1314303,False,False,-0.46042823791503906,0.6555957794189453,False,-0.09786194562911987,0.053391456604003906,False,-0.12302055954933167,0.1120762825012207,False,False
pipeline_5df0ad97ef5a,Pix4d_forensic,model_compact-ridge_20260721_195042_ridge_without_intercept_regularization,gaussian_control,pix4d_forensic_phase91_run1_regularizati_20260923_044943,success,15000,1303.4352898597717,train_stats_exact,0.10422586649656296,15000,eval_history_exact,24.57215690612793,0.5773778557777405,0.5309551954269409,1439947,True,True,-0.4634265899658203,0.6525974273681641,False,-0.09494507312774658,0.0563083291053772,False,-0.11707988381385803,0.11801695823669434,False,False
pipeline_5df0ad97ef5a,Telc_sv_Jakub_March_18,model_compact-ridge_20260721_195042_ridge_without_intercept_regularization,baseline,telc_sv_jakub_march_18_phase1_run1_20260710_210844,success,1000,36.14933180809021,train_stats_exact,0.08451951295137405,1000,eval_history_exact,18.736181259155273,0.6077442765235901,0.6497393846511841,92582,False,False,-2.365236282348633,-2.4028396606445312,,-0.13079023361206055,-0.09973317384719849,,-0.2889591455459595,-0.21789947152137756,,
pipeline_5df0ad97ef5a,Telc_sv_Jakub_March_18,model_compact-ridge_20260721_195042_ridge_without_intercept_regularization,baseline,telc_sv_jakub_march_18_phase1_run1_20260710_210844,success,2000,90.2292857170105,train_stats_exact,0.10558807849884033,2000,eval_history_exact,19.911861419677734,0.6561661958694458,0.5308569669723511,333068,False,False,-1.1895561218261719,-1.2271595001220703,,-0.08236831426620483,-0.05131125450134277,,-0.17007672786712646,-0.09901705384254456,,
pipeline_5df0ad97ef5a,Telc_sv_Jakub_March_18,model_compact-ridge_20260721_195042_ridge_without_intercept_regularization,baseline,telc_sv_jakub_march_18_phase1_run1_20260710_210844,success,3000,164.09148693084717,train_stats_exact,0.08696319162845612,3000,eval_history_exact,20.848093032836914,0.686705470085144,0.46798351407051086,610805,False,False,-0.2533245086669922,-0.2909278869628906,,-0.05182904005050659,-0.02077198028564453,,-0.10720327496528625,-0.036143600940704346,,
pipeline_5df0ad97ef5a,Telc_sv_Jakub_March_18,model_compact-ridge_20260721_195042_ridge_without_intercept_regularization,baseline,telc_sv_jakub_march_18_phase1_run1_20260710_210844,success,4000,243.04491090774536,train_stats_exact,0.075191929936409,4000,eval_history_exact,20.012773513793945,0.6888444423675537,0.46441298723220825,895889,False,False,-1.088644027709961,-1.1262474060058594,,-0.049690067768096924,-0.018633008003234863,,-0.10363274812698364,-0.03257307410240173,,
pipeline_5df0ad97ef5a,Telc_sv_Jakub_March_18,model_compact-ridge_20260721_195042_ridge_without_intercept_regularization,baseline,telc_sv_jakub_march_18_phase1_run1_20260710_210844,success,5000,331.2402894496918,train_stats_exact,0.05724748224020004,5000,eval_history_exact,21.139020919799805,0.7074774503707886,0.4318399131298065,895889,True,True,0.03760337829589844,0.0,,-0.03105705976486206,0.0,,-0.07105967402458191,0.0,,
pipeline_5df0ad97ef5a,Telc_sv_Jakub_March_18,model_compact-ridge_20260721_195042_ridge_without_intercept_regularization,model_selected,telc_sv_jakub_march_18_phase2_run1_regularizati_20260722_000540,success,1000,36.48097372055054,train_stats_exact,0.09547489881515503,1000,eval_history_exact,18.61368179321289,0.6128988265991211,0.623173177242279,132243,False,False,-2.4877357482910156,-2.525339126586914,,-0.12563568353652954,-0.09457862377166748,,-0.26239293813705444,-0.19133326411247253,,
pipeline_5df0ad97ef5a,Telc_sv_Jakub_March_18,model_compact-ridge_20260721_195042_ridge_without_intercept_regularization,model_selected,telc_sv_jakub_march_18_phase2_run1_regularizati_20260722_000540,success,2000,104.86283564567566,train_stats_exact,0.113540880382061,2000,eval_history_exact,19.922956466674805,0.6698138117790222,0.4904838502407074,709760,False,False,-1.1784610748291016,-1.216064453125,,-0.06872069835662842,-0.03766363859176636,,-0.1297036111354828,-0.05864393711090088,,
pipeline_5df0ad97ef5a,Telc_sv_Jakub_March_18,model_compact-ridge_20260721_195042_ridge_without_intercept_regularization,model_selected,telc_sv_jakub_march_18_phase2_run1_regularizati_20260722_000540,success,3000,228.0754473209381,train_stats_exact,0.08254779875278473,3000,eval_history_exact,20.99003028869629,0.7113834023475647,0.4121530055999756,1555625,False,False,-0.11138725280761719,-0.14899063110351562,,-0.027151107788085938,0.003905951976776123,,-0.05137276649475098,0.019686907529830933,,
pipeline_5df0ad97ef5a,Telc_sv_Jakub_March_18,model_compact-ridge_20260721_195042_ridge_without_intercept_regularization,model_selected,telc_sv_jakub_march_18_phase2_run1_regularizati_20260722_000540,success,4000,385.56120109558105,train_stats_exact,0.08954650908708572,4000,eval_history_exact,20.332660675048828,0.7199398279190063,0.3978857100009918,2437644,False,False,-0.7687568664550781,-0.8063602447509766,,-0.018594682216644287,0.012462377548217773,,-0.03710547089576721,0.0339542031288147,,
pipeline_5df0ad97ef5a,Telc_sv_Jakub_March_18,model_compact-ridge_20260721_195042_ridge_without_intercept_regularization,model_selected,telc_sv_jakub_march_18_phase2_run1_regularizati_20260722_000540,success,5000,566.5020055770874,train_stats_exact,0.05707874149084091,5000,eval_history_exact,21.101417541503906,0.7385345101356506,0.3607802391052246,2437644,True,True,0.0,-0.03760337829589844,,0.0,0.03105705976486206,,0.0,0.07105967402458191,,
pipeline_5df0ad97ef5a,Telc_sv_Jakub_March_18,model_compact-ridge_20260721_195042_ridge_without_intercept_regularization,time_control,telc_sv_jakub_march_18_phase90_run1_regularizati_20260922_210637,success,1000,35.08372759819031,train_stats_exact,0.0805770754814148,1000,eval_history_exact,18.43549156188965,0.6041591763496399,0.652184009552002,92770,False,False,-2.665925979614258,-2.7035293579101562,False,-0.13437533378601074,-0.10331827402114868,False,-0.29140377044677734,-0.22034409642219543,False,False
pipeline_5df0ad97ef5a,Telc_sv_Jakub_March_18,model_compact-ridge_20260721_195042_ridge_without_intercept_regularization,time_control,telc_sv_jakub_march_18_phase90_run1_regularizati_20260922_210637,success,2000,86.22923469543457,train_stats_exact,0.10580611974000931,2000,eval_history_exact,19.78819465637207,0.6546211242675781,0.5323647260665894,331110,False,False,-1.313222885131836,-1.3508262634277344,False,-0.08391338586807251,-0.05285632610321045,False,-0.17158448696136475,-0.10052481293678284,False,False
pipeline_5df0ad97ef5a,Telc_sv_Jakub_March_18,model_compact-ridge_20260721_195042_ridge_without_intercept_regularization,time_control,telc_sv_jakub_march_18_phase90_run1_regularizati_20260922_210637,success,3000,148.2427682876587,train_stats_exact,0.08736054599285126,3000,eval_history_exact,20.602882385253906,0.6839960813522339,0.47033900022506714,610496,False,False,-0.49853515625,-0.5361385345458984,False,-0.05453842878341675,-0.023481369018554688,False,-0.10955876111984253,-0.03849908709526062,False,False
pipeline_5df0ad97ef5a,Telc_sv_Jakub_March_18,model_compact-ridge_20260721_195042_ridge_without_intercept_regularization,time_control,telc_sv_jakub_march_18_phase90_run1_regularizati_20260922_210637,success,4000,231.66995692253113,train_stats_exact,0.08103737235069275,4000,eval_history_exact,19.414077758789062,0.6847666501998901,0.4725438952445984,873535,False,False,-1.6873397827148438,-1.7249431610107422,False,-0.0537678599357605,-0.022710800170898438,False,-0.11176365613937378,-0.04070398211479187,False,False
pipeline_5df0ad97ef5a,Telc_sv_Jakub_March_18,model_compact-ridge_20260721_195042_ridge_without_intercept_regularization,time_control,telc_sv_jakub_march_18_phase90_run1_regularizati_20260922_210637,success,5000,308.2980959415436,train_stats_exact,0.05705992132425308,5000,eval_history_exact,20.723609924316406,0.7045936584472656,0.43591567873954773,873535,False,False,-0.3778076171875,-0.41541099548339844,False,-0.03394085168838501,-0.0028837919235229492,False,-0.07513543963432312,-0.004075765609741211,False,False
pipeline_5df0ad97ef5a,Telc_sv_Jakub_March_18,model_compact-ridge_20260721_195042_ridge_without_intercept_regularization,time_control,telc_sv_jakub_march_18_phase90_run1_regularizati_20260922_210637,success,6000,391.931280374527,train_stats_exact,0.08234237879514694,6000,eval_history_exact,21.088375091552734,0.7110045552253723,0.421333909034729,873535,False,False,-0.013042449951171875,-0.05064582824707031,False,-0.02752995491027832,0.0035271048545837402,False,-0.060553669929504395,0.010506004095077515,False,False
pipeline_5df0ad97ef5a,Telc_sv_Jakub_March_18,model_compact-ridge_20260721_195042_ridge_without_intercept_regularization,time_control,telc_sv_jakub_march_18_phase90_run1_regularizati_20260922_210637,success,7000,465.8209795951843,train_stats_exact,0.14601944386959076,7000,eval_history_exact,21.162015914916992,0.7143546342849731,0.41405045986175537,873535,False,False,0.06059837341308594,0.0229949951171875,True,-0.02417987585067749,0.00687718391418457,False,-0.05327022075653076,0.017789453268051147,False,False
pipeline_5df0ad97ef5a,Telc_sv_Jakub_March_18,model_compact-ridge_20260721_195042_ridge_without_intercept_regularization,time_control,telc_sv_jakub_march_18_phase90_run1_regularizati_20260922_210637,success,8000,535.7579414844513,train_stats_exact,0.06659100204706192,8000,eval_history_exact,21.312002182006836,0.7169836759567261,0.40873482823371887,873535,False,False,0.2105846405029297,0.17298126220703125,True,-0.02155083417892456,0.0095062255859375,False,-0.04795458912849426,0.023105084896087646,False,False
pipeline_5df0ad97ef5a,Telc_sv_Jakub_March_18,model_compact-ridge_20260721_195042_ridge_without_intercept_regularization,time_control,telc_sv_jakub_march_18_phase90_run1_regularizati_20260922_210637,success,8201,567.5032067298889,train_stats_exact,0.054440729320049286,8200,analytics_nearest_at_or_before,21.198883056640625,0.7165655493736267,0.40806058049201965,873535,True,True,0.09746551513671875,0.05986213684082031,True,-0.021968960762023926,0.009088099002838135,False,-0.047280341386795044,0.023779332637786865,False,False
pipeline_5df0ad97ef5a,Telc_sv_Jakub_March_18,model_compact-ridge_20260721_195042_ridge_without_intercept_regularization,gaussian_control,telc_sv_jakub_march_18_phase91_run1_regularizati_20260923_051604,success,1000,35.70031189918518,train_stats_exact,0.08235859870910645,1000,eval_history_exact,18.693267822265625,0.6063164472579956,0.6519055962562561,92495,False,False,-2.4081497192382812,-2.4457530975341797,False,-0.13221806287765503,-0.10116100311279297,False,-0.2911253571510315,-0.22006568312644958,False,False
pipeline_5df0ad97ef5a,Telc_sv_Jakub_March_18,model_compact-ridge_20260721_195042_ridge_without_intercept_regularization,gaussian_control,telc_sv_jakub_march_18_phase91_run1_regularizati_20260923_051604,success,2000,91.26799368858337,train_stats_exact,0.10661357641220093,2000,eval_history_exact,19.854995727539062,0.6547616124153137,0.5326501727104187,331486,False,False,-1.2464218139648438,-1.2840251922607422,False,-0.08377289772033691,-0.052715837955474854,False,-0.1718699336051941,-0.10081025958061218,False,False
pipeline_5df0ad97ef5a,Telc_sv_Jakub_March_18,model_compact-ridge_20260721_195042_ridge_without_intercept_regularization,gaussian_control,telc_sv_jakub_march_18_phase91_run1_regularizati_20260923_051604,success,3000,166.10499835014343,train_stats_exact,0.08547309041023254,3000,eval_history_exact,20.700347900390625,0.6845452785491943,0.4685891270637512,603691,False,False,-0.40106964111328125,-0.4386730194091797,False,-0.0539892315864563,-0.02293217182159424,False,-0.10780888795852661,-0.0367492139339447,False,False
pipeline_5df0ad97ef5a,Telc_sv_Jakub_March_18,model_compact-ridge_20260721_195042_ridge_without_intercept_regularization,gaussian_control,telc_sv_jakub_march_18_phase91_run1_regularizati_20260923_051604,success,4000,243.90169024467468,train_stats_exact,0.08302026987075806,4000,eval_history_exact,20.174747467041016,0.6892858743667603,0.46322596073150635,869059,False,False,-0.9266700744628906,-0.9642734527587891,False,-0.04924863576889038,-0.01819157600402832,False,-0.10244572162628174,-0.03138604760169983,False,False
pipeline_5df0ad97ef5a,Telc_sv_Jakub_March_18,model_compact-ridge_20260721_195042_ridge_without_intercept_regularization,gaussian_control,telc_sv_jakub_march_18_phase91_run1_regularizati_20260923_051604,success,5000,338.65557742118835,train_stats_exact,0.057415131479501724,5000,eval_history_exact,20.552181243896484,0.6974706649780273,0.4415019750595093,1117235,False,False,-0.5492362976074219,-0.5868396759033203,False,-0.04106384515762329,-0.01000678539276123,False,-0.08072173595428467,-0.009662061929702759,False,False
pipeline_5df0ad97ef5a,Telc_sv_Jakub_March_18,model_compact-ridge_20260721_195042_ridge_without_intercept_regularization,gaussian_control,telc_sv_jakub_march_18_phase91_run1_regularizati_20260923_051604,success,6000,436.5688819885254,train_stats_exact,0.08578430116176605,6000,eval_history_exact,20.81011390686035,0.7031601667404175,0.4303539991378784,1322358,False,False,-0.2913036346435547,-0.3289070129394531,False,-0.035374343395233154,-0.004317283630371094,False,-0.06957376003265381,0.0014859139919281006,False,False
pipeline_5df0ad97ef5a,Telc_sv_Jakub_March_18,model_compact-ridge_20260721_195042_ridge_without_intercept_regularization,gaussian_control,telc_sv_jakub_march_18_phase91_run1_regularizati_20260923_051604,success,7000,563.3352386951447,train_stats_exact,0.18798859417438507,7000,eval_history_exact,20.806354522705078,0.7081648111343384,0.4204322397708893,1527228,False,False,-0.2950630187988281,-0.33266639709472656,False,-0.030369699001312256,0.0006873607635498047,False,-0.05965200066566467,0.011407673358917236,False,False
pipeline_5df0ad97ef5a,Telc_sv_Jakub_March_18,model_compact-ridge_20260721_195042_ridge_without_intercept_regularization,gaussian_control,telc_sv_jakub_march_18_phase91_run1_regularizati_20260923_051604,success,8000,691.8806097507477,train_stats_exact,0.07331342250108719,8000,eval_history_exact,20.97054100036621,0.7119235992431641,0.413879930973053,1702657,False,False,-0.1308765411376953,-0.16847991943359375,False,-0.026610910892486572,0.004446148872375488,False,-0.05309969186782837,0.01795998215675354,False,False
pipeline_5df0ad97ef5a,Telc_sv_Jakub_March_18,model_compact-ridge_20260721_195042_ridge_without_intercept_regularization,gaussian_control,telc_sv_jakub_march_18_phase91_run1_regularizati_20260923_051604,success,9000,832.3670976161957,train_stats_exact,0.10544683039188385,9000,eval_history_exact,20.998891830444336,0.713891863822937,0.4088866412639618,1887773,False,False,-0.10252571105957031,-0.14012908935546875,False,-0.024642646312713623,0.0064144134521484375,False,-0.04810640215873718,0.022953271865844727,False,False
pipeline_5df0ad97ef5a,Telc_sv_Jakub_March_18,model_compact-ridge_20260721_195042_ridge_without_intercept_regularization,gaussian_control,telc_sv_jakub_march_18_phase91_run1_regularizati_20260923_051604,success,10000,994.9378609657288,train_stats_exact,0.09561587125062943,10000,eval_history_exact,20.953907012939453,0.7139589786529541,0.40708985924720764,2060713,False,False,-0.14751052856445312,-0.18511390686035156,False,-0.024575531482696533,0.006481528282165527,False,-0.04630962014198303,0.024750053882598877,False,False
pipeline_5df0ad97ef5a,Telc_sv_Jakub_March_18,model_compact-ridge_20260721_195042_ridge_without_intercept_regularization,gaussian_control,telc_sv_jakub_march_18_phase91_run1_regularizati_20260923_051604,success,11000,1156.4339950084686,train_stats_exact,0.06504572182893753,11000,eval_history_exact,21.03850746154785,0.7167536020278931,0.40087777376174927,2235802,False,False,-0.06291007995605469,-0.10051345825195312,False,-0.02178090810775757,0.009276151657104492,False,-0.04009753465652466,0.03096213936805725,False,False
pipeline_5df0ad97ef5a,Telc_sv_Jakub_March_18,model_compact-ridge_20260721_195042_ridge_without_intercept_regularization,gaussian_control,telc_sv_jakub_march_18_phase91_run1_regularizati_20260923_051604,success,12000,1311.0388181209564,train_stats_exact,0.07052374631166458,12000,eval_history_exact,20.862112045288086,0.7165854573249817,0.39997154474258423,2383350,False,False,-0.2393054962158203,-0.27690887451171875,False,-0.021949052810668945,0.009108006954193115,False,-0.03919130563735962,0.03186836838722229,False,False
pipeline_5df0ad97ef5a,Telc_sv_Jakub_March_18,model_compact-ridge_20260721_195042_ridge_without_intercept_regularization,gaussian_control,telc_sv_jakub_march_18_phase91_run1_regularizati_20260923_051604,success,13000,1484.8467106819153,train_stats_exact,0.0812070220708847,13000,eval_history_exact,20.965911865234375,0.7203629016876221,0.39399904012680054,2445177,False,False,-0.13550567626953125,-0.1731090545654297,False,-0.018171608448028564,0.012885451316833496,False,-0.03321880102157593,0.03784087300300598,False,False
pipeline_5df0ad97ef5a,Telc_sv_Jakub_March_18,model_compact-ridge_20260721_195042_ridge_without_intercept_regularization,gaussian_control,telc_sv_jakub_march_18_phase91_run1_regularizati_20260923_051604,success,13400,1557.7391819953918,train_stats_exact,0.11278267204761505,13400,eval_history_exact,21.082801818847656,0.7220175266265869,0.39113324880599976,2445177,True,True,-0.01861572265625,-0.05621910095214844,False,-0.01651698350906372,0.01454007625579834,False,-0.030353009700775146,0.04070666432380676,False,False
pipeline_5df0ad97ef5a,Tiburon_Angel_Islands_State_Park_Split_group_3,model_compact-ridge_20260721_195042_ridge_without_intercept_regularization,baseline,tiburon_angel_islands_state_park_split_group_3_phase1_run1_20260710_214437,success,1000,50.592493534088135,train_stats_exact,0.18658927083015442,1000,eval_history_exact,18.65195083618164,0.5047562122344971,0.7402307391166687,227770,False,False,-1.6800193786621094,-1.5387420654296875,,-0.169033944606781,-0.13298386335372925,,-0.299590140581131,-0.22584295272827148,,
pipeline_5df0ad97ef5a,Tiburon_Angel_Islands_State_Park_Split_group_3,model_compact-ridge_20260721_195042_ridge_without_intercept_regularization,baseline,tiburon_angel_islands_state_park_split_group_3_phase1_run1_20260710_214437,success,2000,124.98810029029846,train_stats_exact,0.16185738146305084,2000,eval_history_exact,19.355587005615234,0.5624603629112244,0.6445563435554504,493043,False,False,-0.9763832092285156,-0.8351058959960938,,-0.11132979393005371,-0.07527971267700195,,-0.20391574501991272,-0.13016855716705322,,
pipeline_5df0ad97ef5a,Tiburon_Angel_Islands_State_Park_Split_group_3,model_compact-ridge_20260721_195042_ridge_without_intercept_regularization,baseline,tiburon_angel_islands_state_park_split_group_3_phase1_run1_20260710_214437,success,3000,218.6627902984619,train_stats_exact,0.09687861800193787,3000,eval_history_exact,19.713045120239258,0.5995369553565979,0.5799708962440491,800368,False,False,-0.6189250946044922,-0.4776477813720703,,-0.07425320148468018,-0.03820312023162842,,-0.13933029770851135,-0.06558310985565186,,
pipeline_5df0ad97ef5a,Tiburon_Angel_Islands_State_Park_Split_group_3,model_compact-ridge_20260721_195042_ridge_without_intercept_regularization,baseline,tiburon_angel_islands_state_park_split_group_3_phase1_run1_20260710_214437,success,4000,322.29193329811096,train_stats_exact,0.10017161071300507,4000,eval_history_exact,19.82887840270996,0.6204773783683777,0.5418652296066284,1081005,False,False,-0.5030918121337891,-0.3618144989013672,,-0.05331277847290039,-0.017262697219848633,,-0.1012246310710907,-0.0274774432182312,,
pipeline_5df0ad97ef5a,Tiburon_Angel_Islands_State_Park_Split_group_3,model_compact-ridge_20260721_195042_ridge_without_intercept_regularization,baseline,tiburon_angel_islands_state_park_split_group_3_phase1_run1_20260710_214437,success,5000,425.7986798286438,train_stats_exact,0.1283225268125534,5000,eval_history_exact,20.190692901611328,0.6377400755882263,0.5143877863883972,1081005,True,True,-0.14127731323242188,0.0,,-0.03605008125305176,0.0,,-0.0737471878528595,0.0,,
pipeline_5df0ad97ef5a,Tiburon_Angel_Islands_State_Park_Split_group_3,model_compact-ridge_20260721_195042_ridge_without_intercept_regularization,model_selected,tiburon_angel_islands_state_park_split_group_3_phase2_run1_regularizati_20260722_003241,success,1000,53.638394594192505,train_stats_exact,0.20895999670028687,1000,eval_history_exact,18.237581253051758,0.48196691274642944,0.7706958651542664,270773,False,False,-2.094388961791992,-1.9531116485595703,,-0.19182324409484863,-0.15577316284179688,,-0.33005526661872864,-0.25630807876586914,,
pipeline_5df0ad97ef5a,Tiburon_Angel_Islands_State_Park_Split_group_3,model_compact-ridge_20260721_195042_ridge_without_intercept_regularization,model_selected,tiburon_angel_islands_state_park_split_group_3_phase2_run1_regularizati_20260722_003241,success,2000,144.6592493057251,train_stats_exact,0.1705278754234314,2000,eval_history_exact,19.132665634155273,0.5491482615470886,0.6544350385665894,778836,False,False,-1.1993045806884766,-1.0580272674560547,,-0.12464189529418945,-0.0885918140411377,,-0.21379444003105164,-0.14004725217819214,,
pipeline_5df0ad97ef5a,Tiburon_Angel_Islands_State_Park_Split_group_3,model_compact-ridge_20260721_195042_ridge_without_intercept_regularization,model_selected,tiburon_angel_islands_state_park_split_group_3_phase2_run1_regularizati_20260722_003241,success,3000,285.1157693862915,train_stats_exact,0.10678820312023163,3000,eval_history_exact,19.508079528808594,0.6065586805343628,0.5553188920021057,1601335,False,False,-0.8238906860351562,-0.6826133728027344,,-0.06723147630691528,-0.031181395053863525,,-0.114678293466568,-0.040931105613708496,,
pipeline_5df0ad97ef5a,Tiburon_Angel_Islands_State_Park_Split_group_3,model_compact-ridge_20260721_195042_ridge_without_intercept_regularization,model_selected,tiburon_angel_islands_state_park_split_group_3_phase2_run1_regularizati_20260722_003241,success,4000,471.7573399543762,train_stats_exact,0.09501677751541138,4000,eval_history_exact,19.72097396850586,0.6429454684257507,0.4898754954338074,2512788,False,False,-0.6109962463378906,-0.46971893310546875,,-0.030844688415527344,0.005205392837524414,,-0.04923489689826965,0.024512290954589844,,
pipeline_5df0ad97ef5a,Tiburon_Angel_Islands_State_Park_Split_group_3,model_compact-ridge_20260721_195042_ridge_without_intercept_regularization,model_selected,tiburon_angel_islands_state_park_split_group_3_phase2_run1_regularizati_20260722_003241,success,5000,672.5180492401123,train_stats_exact,0.11617150902748108,5000,eval_history_exact,20.33197021484375,0.6737901568412781,0.4406405985355377,2512788,True,True,0.0,0.14127731323242188,,0.0,0.03605008125305176,,0.0,0.0737471878528595,,
pipeline_5df0ad97ef5a,Tiburon_Angel_Islands_State_Park_Split_group_3,model_compact-ridge_20260721_195042_ridge_without_intercept_regularization,time_control,tiburon_angel_islands_state_park_split_group_3_phase90_run1_regularizati_20260922_212052,success,1000,51.7958722114563,train_stats_exact,0.18638011813163757,1000,eval_history_exact,18.593490600585938,0.504175066947937,0.7402039170265198,227510,False,False,-1.7384796142578125,-1.5972023010253906,False,-0.16961508989334106,-0.1335650086402893,False,-0.29956331849098206,-0.22581613063812256,False,False
pipeline_5df0ad97ef5a,Tiburon_Angel_Islands_State_Park_Split_group_3,model_compact-ridge_20260721_195042_ridge_without_intercept_regularization,time_control,tiburon_angel_islands_state_park_split_group_3_phase90_run1_regularizati_20260922_212052,success,2000,125.1568386554718,train_stats_exact,0.16329772770404816,2000,eval_history_exact,19.39533042907715,0.5623876452445984,0.6447803378105164,492423,False,False,-0.9366397857666016,-0.7953624725341797,False,-0.11140251159667969,-0.07535243034362793,False,-0.20413973927497864,-0.13039255142211914,False,False
pipeline_5df0ad97ef5a,Tiburon_Angel_Islands_State_Park_Split_group_3,model_compact-ridge_20260721_195042_ridge_without_intercept_regularization,time_control,tiburon_angel_islands_state_park_split_group_3_phase90_run1_regularizati_20260922_212052,success,3000,223.64336228370667,train_stats_exact,0.0977904349565506,3000,eval_history_exact,19.724445343017578,0.6001654267311096,0.5800122022628784,799144,False,False,-0.6075248718261719,-0.46624755859375,False,-0.07362473011016846,-0.0375746488571167,False,-0.1393716037273407,-0.0656244158744812,False,False
pipeline_5df0ad97ef5a,Tiburon_Angel_Islands_State_Park_Split_group_3,model_compact-ridge_20260721_195042_ridge_without_intercept_regularization,time_control,tiburon_angel_islands_state_park_split_group_3_phase90_run1_regularizati_20260922_212052,success,4000,322.89146280288696,train_stats_exact,0.10103270411491394,4000,eval_history_exact,19.65414047241211,0.6193533539772034,0.5420549511909485,1078851,False,False,-0.6778297424316406,-0.5365524291992188,False,-0.05443680286407471,-0.01838672161102295,False,-0.10141435265541077,-0.02766716480255127,False,False
pipeline_5df0ad97ef5a,Tiburon_Angel_Islands_State_Park_Split_group_3,model_compact-ridge_20260721_195042_ridge_without_intercept_regularization,time_control,tiburon_angel_islands_state_park_split_group_3_phase90_run1_regularizati_20260922_212052,success,5000,437.83463954925537,train_stats_exact,0.13268911838531494,5000,eval_history_exact,20.100120544433594,0.6367431282997131,0.5140490531921387,1078851,False,False,-0.23184967041015625,-0.09057235717773438,False,-0.03704702854156494,-0.0009969472885131836,False,-0.07340845465660095,0.0003387331962585449,False,False
pipeline_5df0ad97ef5a,Tiburon_Angel_Islands_State_Park_Split_group_3,model_compact-ridge_20260721_195042_ridge_without_intercept_regularization,time_control,tiburon_angel_islands_state_park_split_group_3_phase90_run1_regularizati_20260922_212052,success,6000,540.6717686653137,train_stats_exact,0.07918358594179153,6000,eval_history_exact,20.15932846069336,0.6431340575218201,0.4999069571495056,1078851,False,False,-0.17264175415039062,-0.03136444091796875,False,-0.030656099319458008,0.00539398193359375,False,-0.059266358613967896,0.014480829238891602,False,False
pipeline_5df0ad97ef5a,Tiburon_Angel_Islands_State_Park_Split_group_3,model_compact-ridge_20260721_195042_ridge_without_intercept_regularization,time_control,tiburon_angel_islands_state_park_split_group_3_phase90_run1_regularizati_20260922_212052,success,7000,654.7947182655334,train_stats_exact,0.13330908119678497,7000,eval_history_exact,20.084842681884766,0.6456998586654663,0.49195149540901184,1078851,False,False,-0.24712753295898438,-0.1058502197265625,False,-0.028090298175811768,0.00795978307723999,False,-0.05131089687347412,0.022436290979385376,False,False
pipeline_5df0ad97ef5a,Tiburon_Angel_Islands_State_Park_Split_group_3,model_compact-ridge_20260721_195042_ridge_without_intercept_regularization,time_control,tiburon_angel_islands_state_park_split_group_3_phase90_run1_regularizati_20260922_212052,success,7001,677.033111333847,train_stats_exact,0.13330908119678497,7000,analytics_nearest_at_or_before,20.0853328704834,0.645717203617096,0.49193233251571655,1078851,True,True,-0.24663734436035156,-0.10536003112792969,False,-0.02807295322418213,0.007977128028869629,False,-0.05129173398017883,0.022455453872680664,False,False
pipeline_5df0ad97ef5a,Tiburon_Angel_Islands_State_Park_Split_group_3,model_compact-ridge_20260721_195042_ridge_without_intercept_regularization,gaussian_control,tiburon_angel_islands_state_park_split_group_3_phase91_run1_regularizati_20260923_054659,success,1000,49.828644037246704,train_stats_exact,0.18593600392341614,1000,eval_history_exact,18.739234924316406,0.5050824880599976,0.7396513223648071,228143,False,False,-1.5927352905273438,-1.4514579772949219,False,-0.16870766878128052,-0.13265758752822876,False,-0.2990107238292694,-0.2252635359764099,False,False
pipeline_5df0ad97ef5a,Tiburon_Angel_Islands_State_Park_Split_group_3,model_compact-ridge_20260721_195042_ridge_without_intercept_regularization,gaussian_control,tiburon_angel_islands_state_park_split_group_3_phase91_run1_regularizati_20260923_054659,success,2000,128.79741382598877,train_stats_exact,0.1592828631401062,2000,eval_history_exact,19.4794979095459,0.5625908374786377,0.6437790989875793,491167,False,False,-0.8524723052978516,-0.7111949920654297,False,-0.11119931936264038,-0.07514923810958862,False,-0.20313850045204163,-0.12939131259918213,False,False
pipeline_5df0ad97ef5a,Tiburon_Angel_Islands_State_Park_Split_group_3,model_compact-ridge_20260721_195042_ridge_without_intercept_regularization,gaussian_control,tiburon_angel_islands_state_park_split_group_3_phase91_run1_regularizati_20260923_054659,success,3000,229.55024600028992,train_stats_exact,0.09593160450458527,3000,eval_history_exact,19.821121215820312,0.6000433564186096,0.578554630279541,800133,False,False,-0.5108489990234375,-0.3695716857910156,False,-0.07374680042266846,-0.0376967191696167,False,-0.1379140317440033,-0.0641668438911438,False,False
pipeline_5df0ad97ef5a,Tiburon_Angel_Islands_State_Park_Split_group_3,model_compact-ridge_20260721_195042_ridge_without_intercept_regularization,gaussian_control,tiburon_angel_islands_state_park_split_group_3_phase91_run1_regularizati_20260923_054659,success,4000,338.41821551322937,train_stats_exact,0.10082719475030899,4000,eval_history_exact,19.877031326293945,0.6202337145805359,0.5409880876541138,1084029,False,False,-0.4549388885498047,-0.3136615753173828,False,-0.05355644226074219,-0.01750636100769043,False,-0.10034748911857605,-0.026600301265716553,False,False
pipeline_5df0ad97ef5a,Tiburon_Angel_Islands_State_Park_Split_group_3,model_compact-ridge_20260721_195042_ridge_without_intercept_regularization,gaussian_control,tiburon_angel_islands_state_park_split_group_3_phase91_run1_regularizati_20260923_054659,success,5000,448.50023102760315,train_stats_exact,0.13137254118919373,5000,eval_history_exact,20.0562686920166,0.6351404786109924,0.5141152739524841,1313499,False,False,-0.27570152282714844,-0.13442420959472656,False,-0.038649678230285645,-0.0025995969772338867,False,-0.07347467541694641,0.00027251243591308594,False,False
pipeline_5df0ad97ef5a,Tiburon_Angel_Islands_State_Park_Split_group_3,model_compact-ridge_20260721_195042_ridge_without_intercept_regularization,gaussian_control,tiburon_angel_islands_state_park_split_group_3_phase91_run1_regularizati_20260923_054659,success,6000,563.6888570785522,train_stats_exact,0.07188135385513306,6000,eval_history_exact,20.294633865356445,0.6450576186180115,0.49495184421539307,1506922,False,False,-0.03733634948730469,0.10394096374511719,False,-0.0287325382232666,0.007317543029785156,False,-0.05431124567985535,0.01943594217300415,False,False
pipeline_5df0ad97ef5a,Tiburon_Angel_Islands_State_Park_Split_group_3,model_compact-ridge_20260721_195042_ridge_without_intercept_regularization,gaussian_control,tiburon_angel_islands_state_park_split_group_3_phase91_run1_regularizati_20260923_054659,success,7000,708.6459076404572,train_stats_exact,0.13077570497989655,7000,eval_history_exact,20.193283081054688,0.6477022767066956,0.4851921498775482,1676689,False,False,-0.1386871337890625,0.002590179443359375,False,-0.02608788013458252,0.009962201118469238,False,-0.0445515513420105,0.029195636510849,False,False
pipeline_5df0ad97ef5a,Tiburon_Angel_Islands_State_Park_Split_group_3,model_compact-ridge_20260721_195042_ridge_without_intercept_regularization,gaussian_control,tiburon_angel_islands_state_park_split_group_3_phase91_run1_regularizati_20260923_054659,success,8000,845.1882882118225,train_stats_exact,0.11186067759990692,8000,eval_history_exact,20.344404220581055,0.6528741121292114,0.4744851887226105,1836634,False,False,0.012434005737304688,0.15371131896972656,True,-0.02091604471206665,0.015134036540985107,False,-0.033844590187072754,0.03990259766578674,False,False
pipeline_5df0ad97ef5a,Tiburon_Angel_Islands_State_Park_Split_group_3,model_compact-ridge_20260721_195042_ridge_without_intercept_regularization,gaussian_control,tiburon_angel_islands_state_park_split_group_3_phase91_run1_regularizati_20260923_054659,success,9000,997.3096294403076,train_stats_exact,0.10725589096546173,9000,eval_history_exact,20.391681671142578,0.6553529500961304,0.4674456715583801,1990776,False,False,0.059711456298828125,0.20098876953125,True,-0.018437206745147705,0.017612874507904053,False,-0.026805073022842407,0.04694211483001709,False,False
pipeline_5df0ad97ef5a,Tiburon_Angel_Islands_State_Park_Split_group_3,model_compact-ridge_20260721_195042_ridge_without_intercept_regularization,gaussian_control,tiburon_angel_islands_state_park_split_group_3_phase91_run1_regularizati_20260923_054659,success,10000,1155.7233262062073,train_stats_exact,0.1096232607960701,10000,eval_history_exact,20.260467529296875,0.658115804195404,0.46021944284439087,2137621,False,False,-0.071502685546875,0.06977462768554688,False,-0.015674352645874023,0.020375728607177734,False,-0.01957884430885315,0.05416834354400635,False,False
pipeline_5df0ad97ef5a,Tiburon_Angel_Islands_State_Park_Split_group_3,model_compact-ridge_20260721_195042_ridge_without_intercept_regularization,gaussian_control,tiburon_angel_islands_state_park_split_group_3_phase91_run1_regularizati_20260923_054659,success,11000,1318.1763942241669,train_stats_exact,0.07462257146835327,11000,eval_history_exact,20.393301010131836,0.6606107354164124,0.4542121887207031,2294096,False,False,0.06133079528808594,0.2026081085205078,True,-0.013179421424865723,0.022870659828186035,False,-0.013571590185165405,0.06017559766769409,False,False
pipeline_5df0ad97ef5a,Tiburon_Angel_Islands_State_Park_Split_group_3,model_compact-ridge_20260721_195042_ridge_without_intercept_regularization,gaussian_control,tiburon_angel_islands_state_park_split_group_3_phase91_run1_regularizati_20260923_054659,success,12000,1474.9833331108093,train_stats_exact,0.08361600339412689,12000,eval_history_exact,20.45747947692871,0.6633802056312561,0.44821348786354065,2422555,False,False,0.12550926208496094,0.2667865753173828,True,-0.010409951210021973,0.025640130043029785,False,-0.00757288932800293,0.06617429852485657,False,False
pipeline_5df0ad97ef5a,Tiburon_Angel_Islands_State_Park_Split_group_3,model_compact-ridge_20260721_195042_ridge_without_intercept_regularization,gaussian_control,tiburon_angel_islands_state_park_split_group_3_phase91_run1_regularizati_20260923_054659,success,13000,1637.0526571273804,train_stats_exact,0.1254553198814392,13000,eval_history_exact,20.37349510192871,0.663879930973053,0.4432311952114105,2516335,False,False,0.04152488708496094,0.1828022003173828,True,-0.009910225868225098,0.02613985538482666,False,-0.0025905966758728027,0.0711565911769867,False,False
pipeline_5df0ad97ef5a,Tiburon_Angel_Islands_State_Park_Split_group_3,model_compact-ridge_20260721_195042_ridge_without_intercept_regularization,gaussian_control,tiburon_angel_islands_state_park_split_group_3_phase91_run1_regularizati_20260923_054659,success,13600,1735.2981686592102,train_stats_exact,0.08638159930706024,13600,eval_history_exact,20.478313446044922,0.6659528017044067,0.4400557577610016,2516335,True,True,0.14634323120117188,0.28762054443359375,True,-0.007837355136871338,0.02821272611618042,False,0.0005848407745361328,0.07433202862739563,True,False
pipeline_5df0ad97ef5a,morice,model_compact-ridge_20260721_195042_ridge_without_intercept_regularization,baseline,morice_phase1_run1_20260710_215638,success,1000,48.780123233795166,train_stats_exact,0.11709101498126984,1000,eval_history_exact,25.73518180847168,0.6847506761550903,0.4859618544578552,181844,False,False,-3.7395496368408203,-2.7593154907226562,,-0.17337197065353394,-0.11533182859420776,,-0.3176582455635071,-0.21199768781661987,,
pipeline_5df0ad97ef5a,morice,model_compact-ridge_20260721_195042_ridge_without_intercept_regularization,baseline,morice_phase1_run1_20260710_215638,success,2000,124.98602843284607,train_stats_exact,0.08820755034685135,2000,eval_history_exact,27.005634307861328,0.7426899671554565,0.37732237577438354,458270,False,False,-2.469097137451172,-1.4888629913330078,,-0.11543267965316772,-0.05739253759384155,,-0.2090187668800354,-0.1033582091331482,,
pipeline_5df0ad97ef5a,morice,model_compact-ridge_20260721_195042_ridge_without_intercept_regularization,baseline,morice_phase1_run1_20260710_215638,success,3000,216.2958860397339,train_stats_exact,0.07877561450004578,3000,eval_history_exact,27.630062103271484,0.773534893989563,0.3215877115726471,709828,False,False,-1.8446693420410156,-0.8644351959228516,,-0.08458775281906128,-0.026547610759735107,,-0.15328410267829895,-0.04762354493141174,,
pipeline_5df0ad97ef5a,morice,model_compact-ridge_20260721_195042_ridge_without_intercept_regularization,baseline,morice_phase1_run1_20260710_215638,success,4000,323.1223032474518,train_stats_exact,0.05828133225440979,4000,eval_history_exact,28.044902801513672,0.7912797927856445,0.29018211364746094,918084,False,False,-1.4298286437988281,-0.44959449768066406,,-0.06684285402297974,-0.008802711963653564,,-0.12187850475311279,-0.016217947006225586,,
pipeline_5df0ad97ef5a,morice,model_compact-ridge_20260721_195042_ridge_without_intercept_regularization,baseline,morice_phase1_run1_20260710_215638,success,5000,433.29271841049194,train_stats_exact,0.061031073331832886,5000,eval_history_exact,28.494497299194336,0.8000825047492981,0.27396416664123535,918084,True,True,-0.9802341461181641,0.0,,-0.05804014205932617,0.0,,-0.10566055774688721,0.0,,
pipeline_5df0ad97ef5a,morice,model_compact-ridge_20260721_195042_ridge_without_intercept_regularization,model_selected,morice_phase2_run1_regularizati_20260722_010138,success,1000,51.678853273391724,train_stats_exact,0.13034112751483917,1000,eval_history_exact,25.65858268737793,0.6983715295791626,0.4510374367237091,285869,False,False,-3.8161487579345703,-2.8359146118164062,,-0.15975111722946167,-0.1017109751701355,,-0.28273382782936096,-0.17707327008247375,,
pipeline_5df0ad97ef5a,morice,model_compact-ridge_20260721_195042_ridge_without_intercept_regularization,model_selected,morice_phase2_run1_regularizati_20260722_010138,success,2000,157.30166220664978,train_stats_exact,0.09586776793003082,2000,eval_history_exact,26.899097442626953,0.7815977334976196,0.29935672879219055,1127495,False,False,-2.575634002685547,-1.5953998565673828,,-0.07652491331100464,-0.018484771251678467,,-0.1310531198978424,-0.0253925621509552,,
pipeline_5df0ad97ef5a,morice,model_compact-ridge_20260721_195042_ridge_without_intercept_regularization,model_selected,morice_phase2_run1_regularizati_20260722_010138,success,3000,331.8056626319885,train_stats_exact,0.07677000761032104,3000,eval_history_exact,28.343307495117188,0.8256483674049377,0.22257737815380096,2086959,False,False,-1.1314239501953125,-0.15118980407714844,,-0.03247427940368652,0.02556586265563965,,-0.05427376925945282,0.05138678848743439,,
pipeline_5df0ad97ef5a,morice,model_compact-ridge_20260721_195042_ridge_without_intercept_regularization,model_selected,morice_phase2_run1_regularizati_20260722_010138,success,4000,555.9735643863678,train_stats_exact,0.04936841130256653,4000,eval_history_exact,28.90395736694336,0.8486555814743042,0.18525932729244232,2891199,False,False,-0.5707740783691406,0.40946006774902344,,-0.009467065334320068,0.048573076725006104,,-0.016955718398094177,0.08870483934879303,,
pipeline_5df0ad97ef5a,morice,model_compact-ridge_20260721_195042_ridge_without_intercept_regularization,model_selected,morice_phase2_run1_regularizati_20260722_010138,success,5000,775.6906580924988,train_stats_exact,0.05266008526086807,5000,eval_history_exact,29.4747314453125,0.8581226468086243,0.16830360889434814,2891199,True,True,0.0,0.9802341461181641,,0.0,0.05804014205932617,,0.0,0.10566055774688721,,
pipeline_5df0ad97ef5a,morice,model_compact-ridge_20260721_195042_ridge_without_intercept_regularization,time_control,morice_phase90_run1_regularizati_20260922_213702,success,1000,48.53309917449951,train_stats_exact,0.11640318483114243,1000,eval_history_exact,25.549503326416016,0.6845294237136841,0.48612284660339355,181370,False,False,-3.9252281188964844,-2.9449939727783203,False,-0.17359322309494019,-0.11555308103561401,False,-0.3178192377090454,-0.2121586799621582,False,False
pipeline_5df0ad97ef5a,morice,model_compact-ridge_20260721_195042_ridge_without_intercept_regularization,time_control,morice_phase90_run1_regularizati_20260922_213702,success,2000,129.33367562294006,train_stats_exact,0.09040194749832153,2000,eval_history_exact,26.813037872314453,0.7424189448356628,0.3791866600513458,460841,False,False,-2.661693572998047,-1.6814594268798828,False,-0.11570370197296143,-0.057663559913635254,False,-0.21088305115699768,-0.10522249341011047,False,False
pipeline_5df0ad97ef5a,morice,model_compact-ridge_20260721_195042_ridge_without_intercept_regularization,time_control,morice_phase90_run1_regularizati_20260922_213702,success,3000,229.65691423416138,train_stats_exact,0.07639950513839722,3000,eval_history_exact,27.730484008789062,0.7733104825019836,0.32254496216773987,710472,False,False,-1.7442474365234375,-0.7640132904052734,False,-0.08481216430664062,-0.026772022247314453,False,-0.15424135327339172,-0.04858079552650452,False,False
pipeline_5df0ad97ef5a,morice,model_compact-ridge_20260721_195042_ridge_without_intercept_regularization,time_control,morice_phase90_run1_regularizati_20260922_213702,success,4000,336.2932388782501,train_stats_exact,0.05965559184551239,4000,eval_history_exact,28.054534912109375,0.7914294004440308,0.29031476378440857,920074,False,False,-1.420196533203125,-0.43996238708496094,False,-0.0666932463645935,-0.008653104305267334,False,-0.12201115489006042,-0.016350597143173218,False,False
pipeline_5df0ad97ef5a,morice,model_compact-ridge_20260721_195042_ridge_without_intercept_regularization,time_control,morice_phase90_run1_regularizati_20260922_213702,success,5000,433.28510332107544,train_stats_exact,0.06109968572854996,5000,eval_history_exact,28.49443244934082,0.8000327944755554,0.273656964302063,920074,False,False,-0.9802989959716797,-6.4849853515625e-05,False,-0.05808985233306885,-4.971027374267578e-05,False,-0.10535335540771484,0.0003072023391723633,False,False
pipeline_5df0ad97ef5a,morice,model_compact-ridge_20260721_195042_ridge_without_intercept_regularization,time_control,morice_phase90_run1_regularizati_20260922_213702,success,6000,543.0047266483307,train_stats_exact,0.04490835592150688,6000,eval_history_exact,28.682476043701172,0.8049530386924744,0.26418033242225647,920074,False,False,-0.7922554016113281,0.18797874450683594,False,-0.0531696081161499,0.0048705339431762695,False,-0.09587672352790833,0.009783834218978882,False,False
pipeline_5df0ad97ef5a,morice,model_compact-ridge_20260721_195042_ridge_without_intercept_regularization,time_control,morice_phase90_run1_regularizati_20260922_213702,success,7000,656.9425964355469,train_stats_exact,0.04414372146129608,7000,eval_history_exact,28.89554214477539,0.8075557947158813,0.2586386203765869,920074,False,False,-0.5791893005371094,0.4010448455810547,False,-0.05056685209274292,0.007473289966583252,False,-0.09033501148223877,0.015325546264648438,False,False
pipeline_5df0ad97ef5a,morice,model_compact-ridge_20260721_195042_ridge_without_intercept_regularization,time_control,morice_phase90_run1_regularizati_20260922_213702,success,8000,763.6322908401489,train_stats_exact,0.09573763608932495,8000,eval_history_exact,28.971235275268555,0.8096216917037964,0.2543959319591522,920074,False,False,-0.5034961700439453,0.47673797607421875,False,-0.04850095510482788,0.009539186954498291,False,-0.08609232306480408,0.01956823468208313,False,False
pipeline_5df0ad97ef5a,morice,model_compact-ridge_20260721_195042_ridge_without_intercept_regularization,time_control,morice_phase90_run1_regularizati_20260922_213702,success,8001,785.9416162967682,train_stats_exact,0.09573763608932495,8000,analytics_nearest_at_or_before,28.959850311279297,0.8096275925636292,0.25432702898979187,920074,True,True,-0.5148811340332031,0.46535301208496094,False,-0.04849505424499512,0.009545087814331055,False,-0.08602342009544373,0.01963713765144348,False,False
pipeline_5df0ad97ef5a,morice,model_compact-ridge_20260721_195042_ridge_without_intercept_regularization,gaussian_control,morice_phase91_run1_regularizati_20260923_065549,success,1000,48.702012062072754,train_stats_exact,0.11655552685260773,1000,eval_history_exact,25.6900634765625,0.6845366954803467,0.4863787591457367,181618,False,False,-3.78466796875,-2.804433822631836,False,-0.1735859513282776,-0.11554580926895142,False,-0.31807515025138855,-0.21241459250450134,False,False
pipeline_5df0ad97ef5a,morice,model_compact-ridge_20260721_195042_ridge_without_intercept_regularization,gaussian_control,morice_phase91_run1_regularizati_20260923_065549,success,2000,120.5208067893982,train_stats_exact,0.09191399812698364,2000,eval_history_exact,26.820091247558594,0.7428525686264038,0.3780880570411682,459952,False,False,-2.6546401977539062,-1.6744060516357422,False,-0.11527007818222046,-0.05722993612289429,False,-0.20978444814682007,-0.10412389039993286,False,False
pipeline_5df0ad97ef5a,morice,model_compact-ridge_20260721_195042_ridge_without_intercept_regularization,gaussian_control,morice_phase91_run1_regularizati_20260923_065549,success,3000,207.6352252960205,train_stats_exact,0.07154673337936401,3000,eval_history_exact,27.573749542236328,0.772227942943573,0.323064923286438,708684,False,False,-1.9009819030761719,-0.9207477569580078,False,-0.08589470386505127,-0.027854561805725098,False,-0.15476131439208984,-0.04910075664520264,False,False
pipeline_5df0ad97ef5a,morice,model_compact-ridge_20260721_195042_ridge_without_intercept_regularization,gaussian_control,morice_phase91_run1_regularizati_20260923_065549,success,4000,297.7937834262848,train_stats_exact,0.05766413360834122,4000,eval_history_exact,27.975034713745117,0.7911003232002258,0.2899283170700073,917461,False,False,-1.4996967315673828,-0.5194625854492188,False,-0.06702232360839844,-0.008982181549072266,False,-0.12162470817565918,-0.015964150428771973,False,False
pipeline_5df0ad97ef5a,morice,model_compact-ridge_20260721_195042_ridge_without_intercept_regularization,gaussian_control,morice_phase91_run1_regularizati_20260923_065549,success,5000,401.24230003356934,train_stats_exact,0.06097869575023651,5000,eval_history_exact,28.29340934753418,0.8007117509841919,0.27198851108551025,1078379,False,False,-1.1813220977783203,-0.20108795166015625,False,-0.05741089582443237,0.0006292462348937988,False,-0.10368490219116211,0.0019756555557250977,False,False
pipeline_5df0ad97ef5a,morice,model_compact-ridge_20260721_195042_ridge_without_intercept_regularization,gaussian_control,morice_phase91_run1_regularizati_20260923_065549,success,6000,508.9269976615906,train_stats_exact,0.04482215642929077,6000,eval_history_exact,28.520423889160156,0.8074052333831787,0.26027679443359375,1206995,False,False,-0.9543075561523438,0.025926589965820312,False,-0.05071741342544556,0.007322728633880615,False,-0.0919731855392456,0.013687372207641602,False,False
pipeline_5df0ad97ef5a,morice,model_compact-ridge_20260721_195042_ridge_without_intercept_regularization,gaussian_control,morice_phase91_run1_regularizati_20260923_065549,success,7000,622.2665739059448,train_stats_exact,0.04436073452234268,7000,eval_history_exact,28.668787002563477,0.8113048672676086,0.252677321434021,1322735,False,False,-0.8059444427490234,0.17428970336914062,False,-0.046817779541015625,0.011222362518310547,False,-0.08437371253967285,0.021286845207214355,False,False
pipeline_5df0ad97ef5a,morice,model_compact-ridge_20260721_195042_ridge_without_intercept_regularization,gaussian_control,morice_phase91_run1_regularizati_20260923_065549,success,8000,740.9845206737518,train_stats_exact,0.09285207837820053,8000,eval_history_exact,28.742233276367188,0.8144870400428772,0.24610456824302673,1416154,False,False,-0.7324981689453125,0.24773597717285156,False,-0.04363560676574707,0.014404535293579102,False,-0.07780095934867859,0.027859598398208618,False,False
pipeline_5df0ad97ef5a,morice,model_compact-ridge_20260721_195042_ridge_without_intercept_regularization,gaussian_control,morice_phase91_run1_regularizati_20260923_065549,success,9000,853.6409091949463,train_stats_exact,0.0406842865049839,9000,eval_history_exact,28.776798248291016,0.816827654838562,0.2411428540945053,1501998,False,False,-0.6979331970214844,0.2823009490966797,False,-0.041294991970062256,0.016745150089263916,False,-0.07283924520015717,0.03282131254673004,False,False
pipeline_5df0ad97ef5a,morice,model_compact-ridge_20260721_195042_ridge_without_intercept_regularization,gaussian_control,morice_phase91_run1_regularizati_20260923_065549,success,10000,986.945693731308,train_stats_exact,0.0546765998005867,10000,eval_history_exact,28.91997718811035,0.8180424571037292,0.23786890506744385,1586062,False,False,-0.5547542572021484,0.4254798889160156,False,-0.04008018970489502,0.017959952354431152,False,-0.0695652961730957,0.036095261573791504,False,False
pipeline_5df0ad97ef5a,morice,model_compact-ridge_20260721_195042_ridge_without_intercept_regularization,gaussian_control,morice_phase91_run1_regularizati_20260923_065549,success,11000,1113.3106055259705,train_stats_exact,0.047991491854190826,11000,eval_history_exact,29.097620010375977,0.8206486701965332,0.23306870460510254,1659370,False,False,-0.37711143493652344,0.6031227111816406,False,-0.037473976612091064,0.020566165447235107,False,-0.0647650957107544,0.04089546203613281,False,False
pipeline_5df0ad97ef5a,morice,model_compact-ridge_20260721_195042_ridge_without_intercept_regularization,gaussian_control,morice_phase91_run1_regularizati_20260923_065549,success,12000,1241.811129808426,train_stats_exact,0.07699798792600632,12000,eval_history_exact,29.04763412475586,0.8217520713806152,0.23042207956314087,1724662,False,False,-0.4270973205566406,0.5531368255615234,False,-0.03637057542800903,0.02166956663131714,False,-0.062118470668792725,0.04354208707809448,False,False
pipeline_5df0ad97ef5a,morice,model_compact-ridge_20260721_195042_ridge_without_intercept_regularization,gaussian_control,morice_phase91_run1_regularizati_20260923_065549,success,13000,1374.3679711818695,train_stats_exact,0.044634755700826645,13000,eval_history_exact,29.04020118713379,0.8222978115081787,0.22789467871189117,1783183,False,False,-0.43453025817871094,0.5457038879394531,False,-0.03582483530044556,0.022215306758880615,False,-0.05959106981754303,0.04606948792934418,False,False
pipeline_5df0ad97ef5a,morice,model_compact-ridge_20260721_195042_ridge_without_intercept_regularization,gaussian_control,morice_phase91_run1_regularizati_20260923_065549,success,14000,1506.3087856769562,train_stats_exact,0.07523751258850098,14000,eval_history_exact,29.11416244506836,0.8242615461349487,0.22437603771686554,1845254,False,False,-0.3605690002441406,0.6196651458740234,False,-0.03386110067367554,0.024179041385650635,False,-0.056072428822517395,0.04958812892436981,False,False
pipeline_5df0ad97ef5a,morice,model_compact-ridge_20260721_195042_ridge_without_intercept_regularization,gaussian_control,morice_phase91_run1_regularizati_20260923_065549,success,15000,1642.0234117507935,train_stats_exact,0.05452095717191696,15000,eval_history_exact,29.229379653930664,0.8253376483917236,0.22193734347820282,1896411,True,True,-0.24535179138183594,0.7348823547363281,False,-0.032784998416900635,0.025255143642425537,False,-0.053633734583854675,0.05202682316303253,False,False
pipeline_5df0ad97ef5a,uncovice,model_compact-ridge_20260721_195042_ridge_without_intercept_regularization,baseline,uncovice_phase1_run1_20260711_043746,success,1000,53.27456831932068,train_stats_exact,0.23941253125667572,1000,eval_history_exact,20.570085525512695,0.5579143762588501,0.6951538920402527,151631,False,False,-2.354461669921875,-2.0771636962890625,,-0.14391416311264038,-0.10063040256500244,,-0.27572065591812134,-0.18261343240737915,,
pipeline_5df0ad97ef5a,uncovice,model_compact-ridge_20260721_195042_ridge_without_intercept_regularization,baseline,uncovice_phase1_run1_20260711_043746,success,2000,127.6154146194458,train_stats_exact,0.15296031534671783,2000,eval_history_exact,21.404544830322266,0.6063530445098877,0.6101790070533752,251854,False,False,-1.5200023651123047,-1.2427043914794922,,-0.09547549486160278,-0.052191734313964844,,-0.1907457709312439,-0.09763854742050171,,
pipeline_5df0ad97ef5a,uncovice,model_compact-ridge_20260721_195042_ridge_without_intercept_regularization,baseline,uncovice_phase1_run1_20260711_043746,success,3000,208.92056965827942,train_stats_exact,0.10550619661808014,3000,eval_history_exact,22.164478302001953,0.6350725889205933,0.5562930703163147,345947,False,False,-0.7600688934326172,-0.4827709197998047,,-0.06675595045089722,-0.023472189903259277,,-0.13685983419418335,-0.04375261068344116,,
pipeline_5df0ad97ef5a,uncovice,model_compact-ridge_20260721_195042_ridge_without_intercept_regularization,baseline,uncovice_phase1_run1_20260711_043746,success,4000,295.32631373405457,train_stats_exact,0.10992436110973358,4000,eval_history_exact,21.793888092041016,0.6467110514640808,0.5341113209724426,424305,False,False,-1.1306591033935547,-0.8533611297607422,,-0.05511748790740967,-0.011833727359771729,,-0.11467808485031128,-0.021570861339569092,,
pipeline_5df0ad97ef5a,uncovice,model_compact-ridge_20260721_195042_ridge_without_intercept_regularization,baseline,uncovice_phase1_run1_20260711_043746,success,5000,382.0591356754303,train_stats_exact,0.11738290637731552,5000,eval_history_exact,22.647249221801758,0.6585447788238525,0.5125404596328735,424305,True,True,-0.2772979736328125,0.0,,-0.04328376054763794,0.0,,-0.09310722351074219,0.0,,
pipeline_5df0ad97ef5a,uncovice,model_compact-ridge_20260721_195042_ridge_without_intercept_regularization,model_selected,uncovice_phase2_run1_regularizati_20260722_013140,success,1000,48.811269760131836,train_stats_exact,0.2749267816543579,1000,eval_history_exact,20.249919891357422,0.5426203012466431,0.7035107612609863,204228,False,False,-2.6746273040771484,-2.397329330444336,,-0.1592082381248474,-0.11592447757720947,,-0.284077525138855,-0.1909703016281128,,
pipeline_5df0ad97ef5a,uncovice,model_compact-ridge_20260721_195042_ridge_without_intercept_regularization,model_selected,uncovice_phase2_run1_regularizati_20260722_013140,success,2000,127.30738949775696,train_stats_exact,0.20435383915901184,2000,eval_history_exact,21.414175033569336,0.6099040508270264,0.5916034579277039,556183,False,False,-1.5103721618652344,-1.2330741882324219,,-0.09192448854446411,-0.04864072799682617,,-0.1721702218055725,-0.07906299829483032,,
pipeline_5df0ad97ef5a,uncovice,model_compact-ridge_20260721_195042_ridge_without_intercept_regularization,model_selected,uncovice_phase2_run1_regularizati_20260722_013140,success,3000,227.724027633667,train_stats_exact,0.13802702724933624,3000,eval_history_exact,21.987573623657227,0.658538818359375,0.5027984380722046,1025143,False,False,-0.9369735717773438,-0.6596755981445312,,-0.04328972101211548,-5.9604644775390625e-06,,-0.08336520195007324,0.009742021560668945,,
pipeline_5df0ad97ef5a,uncovice,model_compact-ridge_20260721_195042_ridge_without_intercept_regularization,model_selected,uncovice_phase2_run1_regularizati_20260722_013140,success,4000,363.5182132720947,train_stats_exact,0.12666243314743042,4000,eval_history_exact,22.05231285095215,0.6850090026855469,0.45205315947532654,1450299,False,False,-0.8722343444824219,-0.5949363708496094,,-0.016819536685943604,0.026464223861694336,,-0.03261992335319519,0.060487300157547,,
pipeline_5df0ad97ef5a,uncovice,model_compact-ridge_20260721_195042_ridge_without_intercept_regularization,model_selected,uncovice_phase2_run1_regularizati_20260722_013140,success,5000,489.17769837379456,train_stats_exact,0.14363831281661987,5000,eval_history_exact,22.92454719543457,0.7018285393714905,0.41943323612213135,1450299,True,True,0.0,0.2772979736328125,,0.0,0.04328376054763794,,0.0,0.09310722351074219,,
pipeline_5df0ad97ef5a,uncovice,model_compact-ridge_20260721_195042_ridge_without_intercept_regularization,time_control,uncovice_phase90_run1_regularizati_20260922_215508,success,1000,50.2227041721344,train_stats_exact,0.2314857542514801,1000,eval_history_exact,20.654335021972656,0.5575717091560364,0.6954635381698608,151459,False,False,-2.270212173461914,-1.9929141998291016,False,-0.1442568302154541,-0.10097306966781616,False,-0.2760303020477295,-0.1829230785369873,False,False
pipeline_5df0ad97ef5a,uncovice,model_compact-ridge_20260721_195042_ridge_without_intercept_regularization,time_control,uncovice_phase90_run1_regularizati_20260922_215508,success,2000,120.31196284294128,train_stats_exact,0.15655171871185303,2000,eval_history_exact,21.768436431884766,0.6076735258102417,0.6092909574508667,251666,False,False,-1.1561107635498047,-0.8788127899169922,False,-0.09415501356124878,-0.05087125301361084,False,-0.18985772132873535,-0.09675049781799316,False,False
pipeline_5df0ad97ef5a,uncovice,model_compact-ridge_20260721_195042_ridge_without_intercept_regularization,time_control,uncovice_phase90_run1_regularizati_20260922_215508,success,3000,198.15881371498108,train_stats_exact,0.10495243966579437,3000,eval_history_exact,22.2940616607666,0.6354861259460449,0.5567211508750916,347313,False,False,-0.6304855346679688,-0.35318756103515625,False,-0.06634241342544556,-0.023058652877807617,False,-0.1372879147529602,-0.04418069124221802,False,False
pipeline_5df0ad97ef5a,uncovice,model_compact-ridge_20260721_195042_ridge_without_intercept_regularization,time_control,uncovice_phase90_run1_regularizati_20260922_215508,success,4000,288.5691657066345,train_stats_exact,0.11202531307935715,4000,eval_history_exact,21.41980743408203,0.6421626210212708,0.5435703992843628,424276,False,False,-1.504739761352539,-1.2274417877197266,False,-0.05966591835021973,-0.016382157802581787,False,-0.12413716316223145,-0.031029939651489258,False,False
pipeline_5df0ad97ef5a,uncovice,model_compact-ridge_20260721_195042_ridge_without_intercept_regularization,time_control,uncovice_phase90_run1_regularizati_20260922_215508,success,5000,365.35877680778503,train_stats_exact,0.11840599775314331,5000,eval_history_exact,22.413618087768555,0.6547604203224182,0.5183350443840027,424276,False,False,-0.5109291076660156,-0.23363113403320312,False,-0.047068119049072266,-0.003784358501434326,False,-0.09890180826187134,-0.00579458475112915,False,False
pipeline_5df0ad97ef5a,uncovice,model_compact-ridge_20260721_195042_ridge_without_intercept_regularization,time_control,uncovice_phase90_run1_regularizati_20260922_215508,success,6000,440.6591193675995,train_stats_exact,0.10057739913463593,6000,eval_history_exact,22.607097625732422,0.6600057482719421,0.5056513547897339,424276,False,False,-0.31744956970214844,-0.04015159606933594,False,-0.04182279109954834,0.0014609694480895996,False,-0.08621811866760254,0.0068891048431396484,False,False
pipeline_5df0ad97ef5a,uncovice,model_compact-ridge_20260721_195042_ridge_without_intercept_regularization,time_control,uncovice_phase90_run1_regularizati_20260922_215508,success,6501,490.2717328071594,train_stats_exact,0.05605608969926834,6500,analytics_nearest_at_or_before,22.738765716552734,0.6626426577568054,0.5010532736778259,424276,True,True,-0.18578147888183594,0.09151649475097656,False,-0.03918588161468506,0.004097878932952881,False,-0.08162003755569458,0.011487185955047607,False,False
pipeline_5df0ad97ef5a,uncovice,model_compact-ridge_20260721_195042_ridge_without_intercept_regularization,gaussian_control,uncovice_phase91_run1_regularizati_20260923_072809,success,1000,50.13837456703186,train_stats_exact,0.21726685762405396,1000,eval_history_exact,20.70899772644043,0.557386040687561,0.6955374479293823,151411,False,False,-2.2155494689941406,-1.9382514953613281,False,-0.14444249868392944,-0.1011587381362915,False,-0.276104211807251,-0.1829969882965088,False,False
pipeline_5df0ad97ef5a,uncovice,model_compact-ridge_20260721_195042_ridge_without_intercept_regularization,gaussian_control,uncovice_phase91_run1_regularizati_20260923_072809,success,2000,119.15833067893982,train_stats_exact,0.15621626377105713,2000,eval_history_exact,21.622573852539062,0.6074612140655518,0.6091167330741882,250988,False,False,-1.3019733428955078,-1.0246753692626953,False,-0.09436732530593872,-0.05108356475830078,False,-0.18968349695205688,-0.0965762734413147,False,False
pipeline_5df0ad97ef5a,uncovice,model_compact-ridge_20260721_195042_ridge_without_intercept_regularization,gaussian_control,uncovice_phase91_run1_regularizati_20260923_072809,success,3000,193.3278136253357,train_stats_exact,0.10638263076543808,3000,eval_history_exact,21.846105575561523,0.6264654994010925,0.5660426616668701,345808,False,False,-1.0784416198730469,-0.8011436462402344,False,-0.07536303997039795,-0.03207927942276001,False,-0.14660942554473877,-0.05350220203399658,False,False
pipeline_5df0ad97ef5a,uncovice,model_compact-ridge_20260721_195042_ridge_without_intercept_regularization,gaussian_control,uncovice_phase91_run1_regularizati_20260923_072809,success,4000,272.97574067115784,train_stats_exact,0.11338676512241364,4000,eval_history_exact,21.391956329345703,0.636738657951355,0.5470966696739197,422913,False,False,-1.5325908660888672,-1.2552928924560547,False,-0.0650898814201355,-0.02180612087249756,False,-0.12766343355178833,-0.03455621004104614,False,False
pipeline_5df0ad97ef5a,uncovice,model_compact-ridge_20260721_195042_ridge_without_intercept_regularization,gaussian_control,uncovice_phase91_run1_regularizati_20260923_072809,success,5000,354.07958912849426,train_stats_exact,0.11703428626060486,5000,eval_history_exact,21.923885345458984,0.6518861651420593,0.5187516212463379,485693,False,False,-1.000661849975586,-0.7233638763427734,False,-0.04994237422943115,-0.006658613681793213,False,-0.09931838512420654,-0.0062111616134643555,False,False
pipeline_5df0ad97ef5a,uncovice,model_compact-ridge_20260721_195042_ridge_without_intercept_regularization,gaussian_control,uncovice_phase91_run1_regularizati_20260923_072809,success,6000,432.4505636692047,train_stats_exact,0.10106918215751648,6000,eval_history_exact,22.025896072387695,0.6543774008750916,0.5076332688331604,534913,False,False,-0.898651123046875,-0.6213531494140625,False,-0.047451138496398926,-0.004167377948760986,False,-0.08820003271102905,0.004907190799713135,False,False
pipeline_5df0ad97ef5a,uncovice,model_compact-ridge_20260721_195042_ridge_without_intercept_regularization,gaussian_control,uncovice_phase91_run1_regularizati_20260923_072809,success,7000,522.9930937290192,train_stats_exact,0.08508390188217163,7000,eval_history_exact,22.17275619506836,0.660404622554779,0.49806123971939087,575622,False,False,-0.7517910003662109,-0.47449302673339844,False,-0.041423916816711426,0.0018598437309265137,False,-0.07862800359725952,0.014479219913482666,False,False
pipeline_5df0ad97ef5a,uncovice,model_compact-ridge_20260721_195042_ridge_without_intercept_regularization,gaussian_control,uncovice_phase91_run1_regularizati_20260923_072809,success,8000,609.8884019851685,train_stats_exact,0.0529901385307312,8000,eval_history_exact,22.16253089904785,0.6637125611305237,0.4906635880470276,612480,False,False,-0.7620162963867188,-0.48471832275390625,False,-0.0381159782409668,0.005167782306671143,False,-0.07123035192489624,0.021876871585845947,False,False
pipeline_5df0ad97ef5a,uncovice,model_compact-ridge_20260721_195042_ridge_without_intercept_regularization,gaussian_control,uncovice_phase91_run1_regularizati_20260923_072809,success,9000,693.5091037750244,train_stats_exact,0.09551133215427399,9000,eval_history_exact,22.282258987426758,0.6646006107330322,0.486472487449646,644636,False,False,-0.6422882080078125,-0.364990234375,False,-0.03722792863845825,0.0060558319091796875,False,-0.06703925132751465,0.02606797218322754,False,False
pipeline_5df0ad97ef5a,uncovice,model_compact-ridge_20260721_195042_ridge_without_intercept_regularization,gaussian_control,uncovice_phase91_run1_regularizati_20260923_072809,success,10000,784.2578544616699,train_stats_exact,0.05310642719268799,10000,eval_history_exact,22.450368881225586,0.6684314608573914,0.48126915097236633,676492,False,False,-0.4741783142089844,-0.19688034057617188,False,-0.03339707851409912,0.009886682033538818,False,-0.061835914850234985,0.0312713086605072,False,False
pipeline_5df0ad97ef5a,uncovice,model_compact-ridge_20260721_195042_ridge_without_intercept_regularization,gaussian_control,uncovice_phase91_run1_regularizati_20260923_072809,success,11000,889.656459569931,train_stats_exact,0.05904918164014816,11000,eval_history_exact,22.352092742919922,0.6645186543464661,0.48467180132865906,705643,False,False,-0.5724544525146484,-0.29515647888183594,False,-0.037309885025024414,0.005973875522613525,False,-0.06523856520652771,0.027868658304214478,False,False
pipeline_5df0ad97ef5a,uncovice,model_compact-ridge_20260721_195042_ridge_without_intercept_regularization,gaussian_control,uncovice_phase91_run1_regularizati_20260923_072809,success,12000,977.9003314971924,train_stats_exact,0.08868135511875153,12000,eval_history_exact,22.295001983642578,0.6652160286903381,0.48284441232681274,729905,False,False,-0.6295452117919922,-0.3522472381591797,False,-0.036612510681152344,0.006671249866485596,False,-0.0634111762046814,0.02969604730606079,False,False
pipeline_5df0ad97ef5a,uncovice,model_compact-ridge_20260721_195042_ridge_without_intercept_regularization,gaussian_control,uncovice_phase91_run1_regularizati_20260923_072809,success,13000,1079.2807154655457,train_stats_exact,0.12453781068325043,13000,eval_history_exact,22.397926330566406,0.6674234867095947,0.4794507920742035,753493,False,False,-0.5266208648681641,-0.24932289123535156,False,-0.03440505266189575,0.008878707885742188,False,-0.060017555952072144,0.033089667558670044,False,False
pipeline_5df0ad97ef5a,uncovice,model_compact-ridge_20260721_195042_ridge_without_intercept_regularization,gaussian_control,uncovice_phase91_run1_regularizati_20260923_072809,success,14000,1166.4344606399536,train_stats_exact,0.07357814908027649,14000,eval_history_exact,22.19205093383789,0.6647915244102478,0.47759178280830383,778411,False,False,-0.7324962615966797,-0.4551982879638672,False,-0.037037014961242676,0.006246745586395264,False,-0.058158546686172485,0.0349486768245697,False,False
pipeline_5df0ad97ef5a,uncovice,model_compact-ridge_20260721_195042_ridge_without_intercept_regularization,gaussian_control,uncovice_phase91_run1_regularizati_20260923_072809,success,15000,1254.4291124343872,train_stats_exact,0.12060374766588211,15000,eval_history_exact,22.205242156982422,0.6660725474357605,0.47679686546325684,801641,True,True,-0.7193050384521484,-0.44200706481933594,False,-0.03575599193572998,0.007527768611907959,False,-0.05736362934112549,0.0357435941696167,False,False
